main-00-04	crownslayer	독타 구출대를 체르노보그에서 가로막고 로도스 아일랜드가 감염자의 투쟁을 외면한다고 비난합니다.
main-00-04	nearl	체르노보그에서 에이스와 함께 구출대에 합류해 리유니온의 추격을 막고 탈출로를 엽니다.
main-00-04	talulah	재앙이 닥친 체르노보그에서 불꽃 아츠로 구출대를 압박하고 니어의 방어를 무너뜨립니다.
main-00-04	w	체르노보그 외곽에서 독타와 아미야를 알아보지만 이유를 밝히지 않은 채 일행을 보내 줍니다.
main-00-04	kaltsit	용문 총독 웨이 옌우와 협상하며 리유니온의 위협에 대비한 로도스의 공동 작전을 제안합니다.
main-00-04	wiki-misha	알렉스가 죽은 뒤 그의 장비와 스컬슈레더의 이름을 이어받아 리유니온 전선에 섭니다.
main-00-04	amiya	독타에게 달려드는 스컬슈레더를 막으려 검은 아츠를 발동하지만, 그가 미샤의 형제였음을 알고 충격을 받습니다.
main-00-04	wiki-frostleaf	폐허가 된 도시 구획을 정찰하다 건물에 번지는 서리를 보고 설괴 소대의 접근을 알아챕니다.
grani	grani	현상금 사냥꾼에게 납치된 듀빌 촌장 캐럴을 구해 안전한 곳으로 데려갑니다.
grani	big-bob	추격 중인 그라니와 캐럴을 원석충에게서 구한 뒤 보물의 몫을 조건으로 동행합니다.
grani	grani	빅 밥이 감염자라는 사실을 알고도 다친 다리를 치료하며 함께 산길을 건넙니다.
grani	big-bob	동료들을 컬럼비아에 정착시키려는 목적을 밝히고 동굴에서 보물을 넘기라고 요구합니다.
grani	skadi	빅 밥의 투척탄에서 캐럴을 보호해 그라니에게 자신이 촌장을 해칠 생각은 없음을 보여 줍니다.
grani	grani	캐럴 대신 카시미어 혈통을 요구하는 보물의 열쇠를 사용해 상자를 엽니다.
grani	kaltsit	스카디가 가져온 열쇠를 분석 대상으로 받고 스펙터에게 쓰인 신경 작용 약물의 기원을 알려 주기로 합니다.
main-05	swire	로도스와 연락해 체르노보그 폐허에 남겨졌던 아미야 일행을 구출하고 근위국 본부의 지원군으로 보냅니다.
main-05	chen	리유니온에게 붙잡힌 정보원 팔을 구하러 호시구마와 묵오 창고에 진입하지만 그의 죽음을 확인합니다.
main-05	chen	가문 저택에서 어린 시절 탈룰라와 함께 찍은 사진을 발견하고 리유니온이 찾는 인물을 의심합니다.
main-05	hoshiguma	파시 광장에서 바닥이 무너질 때 방패로 잔해를 받쳐 첸을 구하고 부상을 입습니다.
main-05	wiki-mephisto	용문 근위국 본부 옥상에 함정을 놓고 쓰러진 리유니온 병사들을 아츠로 다시 움직이게 합니다.
main-05	chen	옥상에서 적의 포위를 벗어나기 위해 적소검을 뽑으려다 통제에 실패해 스스로도 다칩니다.
main-05	wiki-blaze	아미야와 함께 본부 탈환전에 뛰어들고, 전투 뒤 웨이 옌우가 로도스와 근위국을 미끼로 썼다고 추궁합니다.
main-05	wiki-wei-yenwu	본부 탈환 후 스와이어에게 로도스의 도움 없이 용문에 남은 리유니온을 하루 안에 소탕하라고 명령합니다.
operational	wiki-guard-npc	체르노보그에서 살아남아 스카우트가 남긴 쪽지를 발견하고 헬라그와 패트리어트가 만나는 현장에 남습니다.
operational	wiki-hellagur	체르노보그에서 오랜 전우 패트리어트와 만나 감염자들의 처지와 서로의 앞날을 이야기합니다.
operational	w	리유니온을 떠난 플레임브링어를 추격하면서도 그가 조직을 떠난 이유를 직접 듣습니다.
operational	flamebringer	리유니온의 무차별 파괴에 의문을 품고 용병단을 떠나 탈룰라와 겨룰 기회를 요구합니다.
operational	liskarm	사격 훈련에서 제시카의 실수를 짚어 주고 실전에 대비해 자세와 호흡을 교정합니다.
operational	jessica	훈련 성적에 주눅 들지만 리스캄의 지도를 받으며 다음 임무를 준비합니다.
operational	ifrit	숙제를 피하고 작전에 나가려다 아츠를 통제하지 못할 뻔한 뒤 피해를 준 사람들에게 사과합니다.
operational	magallan	사미 북부 관측소에서 난방 설비가 고장 나자 찾아온 여행자와 함께 기지를 지키기로 합니다.
operational	wiki-scout	체르노보그에서 로도스의 철수를 돕기 위해 적진에 남고, 동료들에게 자신의 뜻을 전합니다.
operational	ifrit	사일런스와 켈시의 돌봄 속에서도 라인 랩에서 겪은 일을 기억하며 스스로를 다루는 법을 배웁니다.
operational	wiki-hellagur	리유니온과 로도스 사이에서 감염자에게 필요한 피난처가 무엇인지 고민합니다.
obsidian	wiki-provence	시스타 인근 숲에서 스카이파이어와 지질을 조사해 화산의 이상 징후를 찾아냅니다.
obsidian	wiki-cronin	분화 경고를 묵살하고 관측 자료를 숨기며 불법 흑요석 채굴의 증거를 없애려 합니다.
obsidian	wiki-schwarz	시장 대리인의 명령과 실론을 지켜야 한다는 책임 사이에서 갈등하다 그녀의 편에 섭니다.
obsidian	wiki-herman-doykos	크로닌의 채굴과 은폐를 폭로하고 화산 위기를 겪은 시스타를 이동도시로 바꾸기로 합니다.
obsidian	wiki-skyfire	프로방스와 화산 안으로 들어가 원석충과 마그마 방의 이상을 조사하며 분화를 늦추려 합니다.
obsidian	ceylon	주민에게 위험을 알리기 위해 방송국으로 향하고, 이후 화산 현장의 대응에도 자원합니다.
obsidian	thorns	축제 중 만난 아야가 바깥 바다를 언급하자 자신을 흔드는 불길한 감각을 느낍니다.
obsidian	wiki-cronin	화산의 위험을 알고도 축제와 도시 개발을 앞세워 경고를 감춥니다.
code-brawl	mostima	마피아에게 쫓기던 바이슨을 숨겨 주고 용문의 거리에서 펭귄 로지스틱스 동료들과 다시 합류합니다.
code-brawl	wiki-capone	감비노의 폭력이 용문에서 조직을 무너뜨릴 것이라 판단해 그를 배신하고 바이슨에게 탈출을 제안합니다.
code-brawl	wiki-rat-king	마피아가 민간인까지 다치게 하자 용문에서의 묵인 약속을 거두고 카포네와 감비노를 직접 찾아갑니다.
code-brawl	wiki-waai-fu	래트킹 측과 함께 외지 마피아를 잡기 위한 자경단 활동에 참여합니다.
code-brawl	wiki-gambino	바이슨을 붙잡아 펭귄 로지스틱스를 압박하고 축제 밤의 충돌을 키웁니다.
code-brawl	mostima	마지막 대치에서 두 지팡이의 시간 조작 아츠를 사용해 펭귄 로지스틱스를 돕습니다.
code-brawl	wiki-emperor	바이슨이 휘말린 소동을 축제 공연처럼 이끌며 펭귄 로지스틱스의 대결을 벌입니다.
code-brawl	bison	펭귄 로지스틱스와 첫 배달을 하며 마피아가 노리는 화물을 지킵니다.
code-brawl	wiki-rat-king	용문의 뒷골목에서 마피아 소동을 시험처럼 지켜보다 직접 모습을 드러냅니다.
code-brawl	mostima	엑시아와의 오래된 관계를 안고 용문에 돌아와 펭귄 로지스틱스의 싸움에 합류합니다.
code-brawl	wiki-emperor	공연과 배송을 밀어붙이는 와중에도 팀원들이 위협받자 마피아에게 맞섭니다.
main-06	chen	빈민가 정리 작전에서 감염자를 가리지 않고 죽이는 검은 우비 부대를 발견하고 용문의 지휘 방식에 반발합니다.
main-06	swire	첸과 함께 리유니온 잔당을 추적하다 빈민가에서 벌어지는 숙청을 목격합니다.
main-06	wiki-faust	메피스토의 폭주를 막으려 그에게 아츠 사용을 그만두라고 당부하고 남은 병력을 이끌어 탈출로를 만듭니다.
main-06	wiki-mephisto	감염자 군대를 통제하지 못한 채 로도스와 리유니온 모두를 위협하는 싸움을 이어 갑니다.
main-06	crownslayer	켈시와 레드에게 아버지의 죽음에 관한 단서를 듣고 로도스와 자신의 인연을 되짚습니다.
main-06	wiki-nine	용문의 숙청에 환멸을 느껴 근위국을 떠나 리유니온으로 향합니다.
main-06	wiki-blaze	검은 우비 부대와 맞부딪치고, 첸의 개입으로 위기에서 벗어납니다.
main-06	frostnova	살아남은 유격대원을 지키려 로도스와 맞서지만 끝내 쓰러져 독타 곁에서 마지막을 맞습니다.
main-06	amiya	빈민가 숙청을 용납할 수 없다며 웨이와의 로도스·용문 협력 계약을 끝냅니다.
ancient-forge	nian	용문을 위협하는 괴수와 병마용을 영화 속 사건으로 꾸며 동료들을 촬영에 끌어들입니다.
ancient-forge	lava	괴수의 공격이 현실의 아츠가 아니라 니엔이 만든 환영과 각본임을 알아챕니다.
ancient-forge	wiki-snowsant	도시에서 벌어진 소동을 따라 용문 근위국 일행을 안내합니다.
ancient-forge	hoshiguma	니엔의 괴수 소동에 투입되어 시민을 지키며 사태의 정체를 확인합니다.
ancient-forge	nian	촬영을 마친 뒤 자신과 비슷한 존재가 더 있음을 내비치며 세월 형제자매의 이야기를 엽니다.
ancient-forge	dusk	니엔의 영화와 소란 뒤에서 아직 만나지 못한 세월 자매의 존재로 언급됩니다.
afternoon	vanilla	함선에서 기르는 원석충을 돌보다 사육 방식 때문에 동료와 부딪치고, 스튜어드와 이야기하며 타협점을 찾습니다.
afternoon	wiki-steward	바닐라의 애완 원석충을 무서워하면서도 그녀의 마음을 듣고 함께 지낼 방법을 찾습니다.
afternoon	ptilopsis	일기 형식으로 동료와 나눈 하루를 기록하며 감정과 기억을 표현할 말을 배웁니다.
afternoon	wiki-matterhorn	주방에서 동료들을 위한 음식을 준비하고 굼이 요리를 통해 편안함을 되찾도록 돕습니다.
afternoon	gummy	마터호른과 조리법을 나누며 체르노보그 학교에서 얻은 식습관을 새로운 일상 속에서 다룹니다.
afternoon	wiki-ethan	주방의 음식을 몰래 가져가는 장난으로 식당 사람들과 작은 소동을 벌입니다.
afternoon	hibiscus	케오베의 건강을 점검하려 라바와 함께 의료실로 데려갑니다.
afternoon	wiki-vulcan	케오베를 보살피며 로도스에서 지낼 수 있도록 입단을 도와줍니다.
afternoon	wiki-dobermann	예비 A1팀의 훈련을 맡아 팽·비글·크루스가 한 팀으로 움직이는지 시험합니다.
afternoon	orchid	제각기 사고를 치는 예비 A6팀을 챙기며 이들이 협력하도록 이끕니다.
ursas-children	gummy	훈련 중 배고픔이 커지자 학교에 갇혔을 때의 공포가 되살아나고, 동료들은 그녀의 세 번째 타격 습관을 알아봅니다.
ursas-children	wiki-istina	학교에서의 일과 비카를 잃은 기억을 일기에 남기며 살아남았다는 죄책감을 되짚습니다.
ursas-children	zima	학교 안에서 학생 집단을 이끌어 다른 파벌과 맞섰던 일을 악몽으로 겪고 부모를 잃은 상실을 드러냅니다.
ursas-children	rosa	귀족 학생들이 식량을 차지했던 일을 자신에게 돌리고, 지마와 대화하며 극단적인 선택을 멈추려 합니다.
ursas-children	leto	비헌터와 훈련하면서 학교 시절 불량 집단의 권유를 거절했던 자신의 선택을 떠올립니다.
ursas-children	absinthe	체르노보그 학교와 경찰이었던 아버지의 흔적을 찾고, 구조 뒤 로도스에 남기로 합니다.
ursas-children	wiki-istina	학교에 갇힌 동안 학생들의 주장과 폭력을 기록하고 무엇을 숨겨야 했는지 고민합니다.
ursas-children	gummy	구조 뒤 평범한 식사에도 몸이 먼저 반응하자 동료들에게 과거의 굶주림을 설명합니다.
ursas-children	zima	친구들을 지키려 내린 거친 결정을 후회하면서도 학생자치단의 중심을 지킵니다.
ursas-children	rosa	귀족 학생의 지위가 다른 아이들을 굶주리게 했음을 인정하고 친구 앞에서 자신의 책임을 말합니다.
ursas-children	leto	학교에서 살아남기 위해 싸웠던 기억을 훈련에서 다시 마주합니다.
ursas-children	absinthe	학교를 빠져나온 뒤 아버지의 행방을 확인하며 경찰 제복이 남긴 의미를 돌아봅니다.
ursas-children	wiki-beehunter	레토와 겨루며 그녀가 전투를 통해 마음을 다잡을 수 있게 돕습니다.
ursas-children	dur-nar	굼의 훈련 중 예상치 못한 힘이 나오자 그녀에게 남은 상처를 알아봅니다.
wolumonde	folinic	아트로가 남긴 단서를 따라 화재 현장을 조사하며 감염자에게 씌워진 혐의를 의심합니다.
wolumonde	suzuran	폴리닉과 함께 주민들의 말을 듣고 서로를 적으로 돌리는 도시의 분위기를 바꾸려 합니다.
wolumonde	wiki-severin-hawthorn	도시를 지키려 감염 사실을 숨긴 채 사태를 수습하다 자신의 상태를 드러냅니다.
wolumonde	mudrock	갈 곳 없는 감염자들을 데리고 월루몽드에 도착해 주민들의 공격 속에서도 대원들의 생존을 우선합니다.
wolumonde	wiki-greythroat	로도스 지원군으로 현장에 합류해 폭동과 화재 속에서 민간인을 보호합니다.
wolumonde	wiki-click	현장을 촬영하며 소문과 실제로 벌어진 일을 구분할 자료를 남깁니다.
wolumonde	wiki-tatjana	고립된 도시의 주민으로 아트로 사건 이후 불안해진 이웃의 증언을 전합니다.
darknights	w	바벨 주둔지를 습격한 적에 맞서 사르카즈를 구하고 테레시아가 제안한 새로운 삶에 마음을 붙입니다.
darknights	hoederer	이네스와 함께 용병 부대를 이끌어 바벨의 거점을 지키고 전쟁의 흐름을 살핍니다.
darknights	ines	전장에서 얻은 정보로 바벨에 접근하는 적의 움직임을 파악하고 W의 선택을 지켜봅니다.
darknights	theresa	W에게 바벨에서 머물 자리를 주며 카즈델의 다른 미래를 보여줍니다.
darknights	w	테레시아가 죽은 뒤 바벨을 떠나 진상을 좇고, 체르노보그에서 우르수스 아이들을 도운 뒤 탈룰라와 마주하려 합니다.
darknights	w	용병으로 싸우던 때와 바벨에 머물던 때를 비교하며 테레시아의 죽음을 받아들이지 못합니다.
darknights	ines	전황이 바뀔 때마다 외드레르와 W의 생존을 위해 정보를 모읍니다.
darknights	theresis	테레시아와 다른 방식으로 카즈델을 통일하려 군사위원회의 전력을 모읍니다.
main-07	talulah	패트리어트가 자신의 계획에 반발하자 리유니온 내부의 균열을 감수하고도 도시를 계속 움직입니다.
main-07	chen	웨이의 명령을 거스르고 탈룰라를 추격하기 위해 체르노보그로 향합니다.
main-07	hoshiguma	첸의 결심을 알고도 길을 열어 주며 그녀가 용문 밖에서 자신의 답을 찾도록 합니다.
main-07	rosmontis	로도스 돌입조와 함께 진입로를 열어 체르노보그 중심부로 가는 작전을 돕습니다.
main-07	wiki-guard-npc	체르노보그에서 생존한 리유니온 대원으로 로도스에 조직 내부의 변화를 전합니다.
main-07	patriot	탈룰라의 계획을 막으려 하면서도 감염자를 지키겠다는 신념을 버리지 않고 로도스와 전투합니다.
main-07	amiya	패트리어트와 싸우며 그의 선택을 받아들이고 탈룰라에게 가야 할 책임을 짊어집니다.
main-07	w	체르노보그에서 탈룰라와 맞서며 리유니온 내부가 무너지는 계기를 만듭니다.
main-07	kaltsit	패트리어트와의 대화에서 그가 탈룰라를 막으려는 이유를 듣고 로도스의 진입을 계속 지휘합니다.
main-07	doctor	패트리어트의 유격대와 충돌하면서도 체르노보그가 용문에 닿기 전 중심부에 도달할 작전을 짭니다.
gavial	tomimi	가비알이 고향을 떠나지 않기를 바라 로도스의 비행기를 떨어뜨리고, 자신의 행동이 일으킨 소동을 감춥니다.
gavial	eunectes	부족의 자원으로 거대한 로봇 ‘빅 어글리’를 만들고 족장 선발전에서 가비알과 맞섭니다.
gavial	gavial	추락한 비행기의 엔진을 찾으면서 정글의 부족들과 겨루고 친구들이 처한 상황을 해결합니다.
gavial	ceobe	정글에서 먹을 것을 잘못 먹고 환각에 빠져 돌아다녀 동료들의 수색을 부릅니다.
gavial	eunectes	가비알과 협력해 기체를 수습한 뒤 로도스의 기계, 특히 Lancet-2에 매료되어 합류합니다.
gavial	kaltsit	가비알 일행의 귀환 뒤 사고 경위를 듣고 비행기 손실에 따른 비용을 처리합니다.
gavial	tomimi	격추 사실을 들킨 뒤에도 가비알에게 고향 사람들이 그녀를 얼마나 그리워했는지 전합니다.
rewinding	wiki-surtr	메테오라이트와 함께 카즈델의 무너진 통로를 헤치고 갇힌 사람들을 구합니다.
rewinding	wiki-meteorite	수르트와 위험한 폐허를 조사하며 살아남은 사람의 탈출로를 확보합니다.
rewinding	wiki-purestream	동료들과 중추절을 보내며 멀리 떨어진 가족과 이어지는 명절의 의미를 되새깁니다.
rewinding	mudrock	추격받는 감염자들을 이끌고 이동하다 로고스의 도움을 받아 새 피난처를 찾습니다.
rewinding	logos	위기에 빠진 머드락 부대를 구하고 빅 밥에게 전할 편지를 맡깁니다.
rewinding	phantom	과거의 무대와 자신을 뒤쫓는 기억에 다시 부딪치며 동료와 거리를 좁힙니다.
rewinding	wiki-shamare	스즈란·무스·포푸카와 함께 옛이야기를 나누며 서로 다른 두려움을 말로 풀어냅니다.
rewinding	wiki-mint	팬텀의 과거를 조사하면서 무대의 기록이 그를 얼마나 괴롭혔는지 알아갑니다.
rewinding	suzuran	샤마르와 민담을 나누며 친구가 두려움을 혼자 견디지 않도록 곁에 있습니다.
rewinding	wiki-mousse	샤마르·포푸카와 오래된 괴담을 이야기하며 각자 아는 결말을 비교합니다.
rewinding	popukar	친구들의 이야기를 듣고 무서운 장면보다 함께 지내는 시간을 기억합니다.
maria	maria-nearl	기사 토너먼트에 출전해 플라스틱 기사와 브라스러스트 기사 등을 차례로 상대하며 실전 경험을 쌓습니다.
maria	whislash	마리아를 훈련시키고 시합마다 전술을 조언하면서 니어 가문의 명예를 지키려 합니다.
maria	mlynar	마리아의 출전을 반대하며 상업화된 기사 경기의 위험을 경고합니다.
maria	wiki-czarny	기업의 이해에 맞게 대진과 여론을 조종하며 마리아를 불리한 시합으로 몰아넣습니다.
maria	flametail	마리아와 함께 기사 경기의 이면에서 감염자 기사들이 겪는 차별에 맞섭니다.
maria	maria-nearl	쌍둥이 사르카즈 기사에게 몰린 결승 무대에서 끝까지 버티며 니어 가문의 기사가 될 이유를 확인합니다.
maria	nearl	마리아가 쓰러지기 직전 경기장에 돌아와 그녀를 구하고 상업 연맹의 판을 흔듭니다.
maria	wiki-malkiewicz	차르니가 몰락한 뒤 기사 경기 운영의 새로운 담당자로 올라섭니다.
main-08	talulah	우르수스의 감염자 마을을 순찰대의 학살에서 구하고 생존자들과 함께 리유니온의 터전을 만듭니다.
main-08	wiki-alina	탈룰라와 함께 도망치는 감염자를 돌보다 보복 공격으로 치명상을 입고, 그녀의 죽음은 탈룰라를 바꿉니다.
main-08	frostnova	초기 리유니온에 합류해 탈룰라가 말한 감염자의 미래를 함께 고민합니다.
main-08	rosmontis	방패병들과 힘을 합쳐 체르노보그 관제탑으로 향하는 로도스의 진로를 엽니다.
main-08	chen	탈룰라에게 먼저 도달해 과거와 현재의 선택을 묻고, 아미야가 싸울 수 있도록 길을 남깁니다.
main-08	amiya	첸의 검에 남은 감정을 읽고 탈룰라 안에 자리한 검은 뱀의 논리와 맞섭니다.
main-08	wiki-deathless-black-snake	탈룰라의 몸과 기억을 이용해 전쟁이 역사를 움직인다는 사상을 아미야에게 강요합니다.
main-08	kaltsit	석관과 체르노보그의 충돌을 멈출 방법을 찾으며 탈룰라 사태의 배후를 확인합니다.
main-08	talulah	알리나가 죽은 뒤 황제의 칼날이 퍼뜨린 불신 속에서 리유니온을 전진시키는 데 집착합니다.
main-08	wiki-nine	리유니온이 체르노보그에서 패한 뒤 생존자들을 다시 모을 길을 찾습니다.
mansfield	kafka	죄수로 위장해 맨스필드 교도소에 들어가 앤서니 사이먼에게 접근하고 탈옥 준비를 시작합니다.
mansfield	robin	앤서니를 제거하라는 의뢰를 받고 접근하지만 그의 제안을 들은 뒤 임무와 탈옥 사이에서 갈등합니다.
mansfield	wiki-domma	교도소 의무실에서 다친 로빈을 치료하고 수감자들이 빠져나갈 틈을 마련합니다.
mansfield	mountain	탈옥 도중 제셀톤과 맞서며 동료들이 빠져나갈 시간을 법니다.
mansfield	saria	간수로 위장해 탈옥에 개입하고 앤서니가 라인 랩의 다른 세력에 넘겨지지 않게 지킵니다.
mansfield	silence	앤서니의 사정을 조사하고 그를 구출한 이유를 뮤엘시스에게 설명합니다.
mansfield	muelsyse	탈옥의 배후를 추적하다 사리아와 사일런스가 앤서니의 신병을 두고 움직였음을 확인합니다.
beyond	hoshiguma	용문의 업무가 끝난 뒤 오토바이를 몰며 떠난 첸과 남은 동료들의 삶을 돌아봅니다.
beyond	wiki-chiave	아오스타·브로카와 함께 시라쿠사를 떠나 이동하며 세 사람이 어떻게 동료가 되었는지 이야기합니다.
beyond	wiki-aosta	여행의 식량을 아끼고 로도스에서 약을 구하기 위해 차를 거래하는 현실적인 결정을 맡습니다.
beyond	wiki-broca	키아베 일행과 함께 고향의 조직을 떠나 새로운 생활을 찾아갑니다.
beyond	iris	림 빌리턴에서 감염된 아이의 사정을 듣고 가족이 치료받을 길을 찾도록 돕습니다.
beyond	wiki-snowsant	용문에 온 라테라노 방문객을 만나 도시의 생활을 안내합니다.
beyond	leonhardt	에이어스카르페와 림 빌리턴의 재해 현장으로 가서 사람들을 구할 길을 찾습니다.
beyond	ayerscarpe	레온하르트와 함께 재해 지역의 위험을 살피며 구조 활동을 돕습니다.
beyond	quintus	이베리아 소년들 앞에 나타나 해안에서 퍼지는 심해 교단의 위협을 드러냅니다.
beyond	wiki-emperor	용문에서 펭귄 로지스틱스의 소동을 지켜보며 팀의 일상을 이어 갑니다.
beyond	wiki-snowsant	라테라노에서 온 손님과 생활 수준의 차이를 체감하면서도 길을 안내합니다.
beyond	wiki-jaye	여행에서 돌아온 키아베 일행에게 음식을 내며 로도스까지 오게 된 사연을 듣습니다.
beyond	wiki-chiave	일행이 로도스에 들어오게 된 이유가 영웅적인 승리보다 살아갈 약을 구하는 일이었음을 이야기합니다.
beyond	quintus	이베리아 아이들에게 다가가 해안의 이상이 단순한 괴담이 아님을 암시합니다.
who-is-real	lava	석을 찾으러 간 마을이 그림 속 세계임을 깨닫고 반복되는 낮과 밤에서 탈출구를 찾습니다.
who-is-real	saga	그림에 갇힌 채 오랜 세월을 헤매고도 자신의 의지로 빠져나와 동료에게 길을 알려줍니다.
who-is-real	mr-nothing	먹의 괴물이 마을을 습격할 때 주민을 도우며 밤마다 되풀이되는 이상을 조사합니다.
who-is-real	dusk	니엔의 부탁을 거절하고 방문객들을 자신이 그린 세계에 가두어 인간과 거리를 두려 합니다.
who-is-real	nian	석과 여러 그림 세계에서 싸우며 흩어진 세월 형제자매를 모으려는 뜻을 밝힙니다.
who-is-real	kroos	라바와 함께 마을의 주민·괴물·되살아나는 풍경을 조사하며 동료들이 현실을 잃지 않게 돕습니다.
who-is-real	dusk	되살아나는 마을 사람과 바뀌는 풍경을 통해 인간의 기억을 그림에 붙잡아 두려 한 마음을 드러냅니다.
originium-dust	ash	낯선 사르곤에서 부대를 이끌고 마을을 노리는 용병과 원석 생물에 맞섭니다.
originium-dust	wiki-miarow	침입자와 감염된 주민을 치료하다 마을을 지키는 과정에서 목숨을 잃습니다.
originium-dust	wiki-drudge-tulla	마을의 권력을 빼앗으려 변장한 용병을 들여보내고 혼란을 일으킵니다.
originium-dust	wiki-levi-klitschko	실험 시설에서 진화의 정수를 키워 통제할 수 없는 원석 생물의 위협을 만듭니다.
originium-dust	liskarm	레인보우 소대와 로도스의 작전을 잇고 테라의 무기와 아츠를 설명합니다.
originium-dust	ash	탄약이 떨어져 가는 상황에서 동료와 함께 시설로 들어가 진화의 정수를 파괴합니다.
originium-dust	wiki-picale-tulla	마을을 지키기 위해 레인보우 소대와 협력하고 미아로우의 희생을 기립니다.
originium-dust	tachanka	낯선 원석 무기와 테라의 전투 방식을 배우며 소대가 탄약 부족을 견디도록 돕습니다.
walk-dust	kaltsit	사르곤에서 어린 엘리엇을 데리고 군사적 음모와 원석 무기 연구를 피할 길을 찾습니다.
walk-dust	wiki-passenger	켈시와 헤어진 뒤 오랫동안 복수를 준비해 패신저라는 이름으로 다시 나타납니다.
walk-dust	wiki-old-isin	사르곤의 암시장에서 켈시 일행에게 도움을 주며 그 지역의 권력 관계를 알려줍니다.
walk-dust	kaltsit	우르수스에서 바냐 대공에게 접근해 과거의 빚을 청산하려다 황제의 칼날과 싸웁니다.
walk-dust	wiki-mon3tr	켈시를 습격한 황제의 칼날을 막아 그녀가 목숨을 건져 물러날 시간을 법니다.
walk-dust	folinic	켈시가 남긴 관계를 통해 어머니의 죽음과 자신의 길을 다시 생각합니다.
walk-dust	heidi	빅토리아에서 켈시와 이어진 연락망을 지키고 로도스의 활동에 협력합니다.
walk-dust	wiki-vanya	켈시의 우르수스 방문에서 과거의 정치적 죄를 마주하고 마지막 대화를 나눕니다.
preluding	wiki-heavyrain	미노스에서 떠나려다 팔라스와 만나 도움을 받아들이는 문제를 다시 생각합니다.
preluding	pallas	자신을 피하는 헤비레인에게 마을을 보여주며 그녀가 잠시 머물 자리를 마련합니다.
preluding	wiki-bena	인형과 함께 괴담을 들려주다 동료들을 놀라게 하고 그들의 반응을 살핍니다.
preluding	wiki-blue-poison	글라우쿠스와 이베리아 등대를 조사하다 발견한 시신과 바닷물의 흔적을 따라갑니다.
preluding	wiki-glaucus	블루포이즌과 수색 중 낯선 형체를 경계하고 등대 아래의 위험을 확인합니다.
preluding	wiki-carnelian	라이타니엔에서 감염된 소녀를 숨기고 추적자를 따돌릴 외부의 도움을 구합니다.
preluding	cliffheart	쉐라그에서 들려온 소식을 듣고 언니 엔야를 만나려 눈산에 오릅니다.
preluding	wiki-blue-poison	등대 지하에서 살아남은 사람을 발견해 로도스로 데려갈 길을 마련합니다.
preluding	wiki-carnelian	소녀를 쫓는 라이타니엔 술사와 대치하고 감염자 보호를 위해 로도스와 연락합니다.
preluding	wiki-bena	인형을 무서워하는 키라라를 놀린 뒤 사과하기로 약속합니다.
preluding	cliffheart	언니를 만나려는 마음 때문에 위험한 산길을 혼자 오르겠다고 결심합니다.
dossoles	chen	무술대회에 참여하면서 화려한 휴양지 아래에 감춰진 판초의 계획을 추적합니다.
dossoles	hoshiguma	첸과 다시 한 팀으로 경기의 여러 관문을 통과하며 용문 시절의 호흡을 이어 갑니다.
dossoles	wiki-pancho-salas	대회가 끝나갈 무렵 유람선에서 볼리바르의 고위 인사를 인질로 잡아 자신의 군사적 요구를 내세웁니다.
dossoles	tequila	아버지 판초의 계획과 도시에서 살아갈 자신의 길 사이에서 결정을 내립니다.
dossoles	la-pluma	판초의 딸로서 소동에 휘말린 뒤 오빠 테킬라와 함께 도솔레스를 떠납니다.
dossoles	wiki-candela-sanchez	테러가 진압된 뒤 판초의 자녀들을 도시에서 추방하고 대회의 피해를 수습합니다.
dossoles	la-pluma	대회의 소동이 아버지의 계획과 이어졌음을 알게 되고 테킬라와 함께 거취를 정합니다.
dossoles	wiki-pancho-salas	화려한 관광도시가 볼리바르의 전쟁을 가린다고 주장하며 무력으로 정치적 요구를 강요합니다.
vigilo	doctor	극한 상황에서 함선의 항로와 인력을 판단하며 동료들에게 신뢰할 수 있는 지휘관인지 다시 시험받습니다.
vigilo	kaltsit	독타가 잃어버린 바벨 시절의 결정과 현재의 행동을 대조하며 그가 감당해야 할 책임을 일깨웁니다.
vigilo	theresa	과거 바벨에서 독타에게 전략을 맡기고 카즈델의 전쟁을 끝낼 가능성을 함께 찾습니다.
vigilo	wiki-prts	독타가 남긴 기록을 통해 사고 전의 행적과 로도스의 판단을 연결합니다.
vigilo	amiya	지금의 독타 곁에서 옛 기억보다 현재의 선택이 동료에게 어떤 의미인지 보여줍니다.
vigilo	doctor	함선에 닥친 위기에서 과거의 기억 없이도 동료를 믿고 결정을 내립니다.
vigilo	ascalon	바벨 시절 독타를 지켜본 사람으로 지금 그를 얼마나 믿을 수 있는지 살핍니다.
vigilo	hoederer	과거의 독타가 내린 전략적 판단을 떠올리며 그가 테레시아의 전쟁에서 맡은 역할을 설명합니다.
vigilo	wiki-priestess	독타의 잃어버린 기억에 남은 옛 세계의 관계로 현재의 선택에 그림자를 드리웁니다.
vigilo	wiki-prts	함선 기록과 독타의 지시를 보관해 현재 일행이 사고의 순서를 재구성하게 합니다.
main-09	horn	힐록의 주민을 지키려 현지 지휘관과 협력하려 하지만 감염자 탄압과 더블린의 침투를 알아챕니다.
main-09	bagpipe	혼의 지시로 도시 밖 연락책을 호위하다 포격과 매복 속에서 살아남아 소식을 전합니다.
main-09	wiki-hamilton	힐록의 타라 주민을 반란 세력으로 몰아 포격을 명령하고 대규모 민간인 피해를 냅니다.
main-09	wiki-outcast	로도스 지부의 사람들을 구출한 뒤 백파이프를 만나 정보를 넘기고 추격자를 홀로 막아섭니다.
main-09	reed	더블린의 작전에 얽혀 자신의 출신과 세력이 빅토리아에 남긴 상처를 마주합니다.
main-09	wiki-mandragora	더블린의 병력을 이끌어 혼의 소대를 공격하고 도시를 혼란에 빠뜨립니다.
main-09	saileach	힐록의 주민과 로도스 사이에서 연락을 돕고 전투가 민간인에게 끼치는 피해를 살핍니다.
main-09	wiki-outcast	더블린의 추격자를 막으며 자신의 마지막 총알을 동료들의 생존을 위해 씁니다.
pinus	flametail	감염자 기사들을 붉은 솔 기사단에 모으고 이들을 넘기라는 무갑 연합의 요구를 거절합니다.
pinus	ashlock	탄약이 떨어진 경기에서 방패를 들고 돌진해 브라스러스트 기사에게 끝까지 맞섭니다.
pinus	wild-mane	기사 생활 이후의 계획이 없던 자신을 돌아보고 감염자 동료를 위해 싸우기로 합니다.
pinus	fartooth	거리의 습격에서 붉은 솔 기사단의 도움을 받은 뒤 그들과 함께 움직입니다.
pinus	platinum	무갑 연합의 백금으로 일하면서 상부의 암살 지시와 자신의 판단 사이에서 갈등합니다.
pinus	whislash	마가렛이 돌아온 뒤 니어 가문의 갈등을 무에나에게 전하고 동생들을 도우라고 권합니다.
pinus	flametail	감염자 기사단의 일상과 경기 준비를 챙기며 소속이 없는 기사에게 돌아올 자리를 만듭니다.
pinus	fartooth	자신을 구해 준 동료를 위해 싸우고 기사 대회보다 기사단의 신뢰를 택합니다.
pinus	wiki-malkiewicz	상업연합회의 업무를 수행하며 붉은 솔 기사단을 둘러싼 부당한 처분을 목격합니다.
pinus	ashlock	경기 승리 뒤 가족과 훈련을 떠올리고 동료들과 축하하며 다음 싸움을 준비합니다.
pinus	platinum	암살자의 직위를 얻은 뒤에도 조직에 충성을 요구받으며 탈출구를 찾습니다.
near-light	nearl	마리아를 위험한 대회에서 빼내고 자신이 기사 대회에 복귀해 카시미어의 관심을 다시 모읍니다.
near-light	flametail	감염자 기사단을 이끌어 도심 정전과 무갑 연합의 추격 속에서 동료들의 이동로를 엽니다.
near-light	viviana	마가렛과의 경기에서 이기기만을 위한 싸움보다 서로의 신념을 확인하는 대결을 벌입니다.
near-light	wiki-tola	옛 기사도의 부활을 주장하며 마가렛과 겨루고 자기 힘으로 길을 찾겠다고 선언합니다.
near-light	wiki-dikaiopolis	감염자 기사로 결승에 올라 마가렛과 마주하고 경기를 통해 사회의 차별을 드러냅니다.
near-light	wiki-malkiewicz	상업연합회의 운영 담당자로서 정전과 0구역 사건을 독타에게 설명합니다.
near-light	mlynar	니어 가문을 둘러싼 싸움에 다시 뛰어들어 마가렛과 마리아를 위협하는 세력에 맞섭니다.
near-light	platinum	상업연합회의 명령을 수행하면서 마가렛과 감염자 기사단을 향한 공격에 마음이 흔들립니다.
near-light	wiki-roy	무갑 연합의 암살 작전을 지휘하며 붉은 솔 기사단을 도시 곳곳에서 압박합니다.
near-light	maria-nearl	언니의 복귀 뒤 가족이 기사 대회와 맞서는 동안 뒤에서 그녀를 지킵니다.
break-ice	silverash	노시스를 해고한 것처럼 꾸며 다른 귀족들을 움직이고 쉐라그의 권력 구조를 바꿀 판을 짭니다.
break-ice	gnosis	실버애쉬의 계획에 맞춰 배신자로 보이게 행동하며 귀족 세력의 속내를 드러냅니다.
break-ice	wiki-great-elder	대의식 중 독을 마시고 쓰러져 세 가문의 대립이 공개 충돌로 번지는 계기를 만듭니다.
break-ice	doctor	팔레로체 가문과 협력해 실버애쉬의 진군을 늦추고 성녀가 직접 나올 시간을 법니다.
break-ice	cliffheart	산속 신전으로 들어가 언니 엔야를 만나고 스스로 사태를 해결할 용기를 북돋웁니다.
break-ice	pramanix	신전에서 내려와 세 가문의 충돌을 멈추고 쉐라그의 새 방향을 직접 선언합니다.
break-ice	wiki-ratatos-browntail	노시스와 손잡은 뒤 귀족 가문 사이에서 누구를 믿을지 판단하며 권력 싸움에 참여합니다.
break-ice	wiki-arctosz-paleroche	실버애쉬의 행보를 신앙에 대한 공격으로 보고 독타와 손잡아 저항합니다.
break-ice	kjera	성녀를 곁에서 돌보며 엔야가 자신의 뜻으로 신전을 나설 수 있도록 격려합니다.
break-ice	wiki-aurora	독타의 부탁으로 클리프하트에게 비밀 연락을 전해 성녀를 보호할 준비를 돕습니다.
break-ice	degenbrecher	실버애쉬의 집행자로 움직여 귀족들의 갈등을 압박합니다.
invitation	mr-nothing	크루스와 상촉으로 가서 링의 단서를 찾다가 수상한 술잔을 둘러싼 싸움에 휘말립니다.
invitation	lee	옛 친구 양현을 만나 술잔의 출처를 조사하고 여러 세력이 충돌하는 현장을 중재합니다.
invitation	wiki-zuo-le	감찰관으로 술잔을 회수하려 하며 그것이 세월의 분신과 이어졌는지 확인합니다.
invitation	wiki-liang-xun	술잔을 보관하고 소유자를 추적하며 위험한 물건이 다른 손으로 넘어가지 않게 지킵니다.
invitation	ling	함정으로 드러난 세월의 둘째 형제 분신에 자매들과 맞서고 사건의 진상을 밝힙니다.
invitation	nian	링·석과 힘을 합쳐 하늘에 나타난 세월의 화신을 쓰러뜨립니다.
invitation	wiki-taihe	술잔이 세월의 조각과 관련됐다는 보고를 받고 염국 조정의 입장에서 회수하려 합니다.
invitation	wiki-grand-tutor	형제자매들의 싸움 뒤 나타나 사건을 정리하고 다음 만남을 예고합니다.
spark	goldenglow	모아 둔 돈으로 감염자 지구의 가게를 샀지만 곧 화재로 잃고 방화의 배후를 찾아 나섭니다.
spark	wiki-haze	버려진 구역에서 수상한 대화를 듣고 쫓기다가 감염 증상이 악화되어 도움을 구합니다.
spark	wiki-skyfire	인질들이 갇힌 건물에 폭탄이 설치된 사실을 알아채고 탈출로를 찾습니다.
spark	grani	수지의 가게에 쓰인 폭발물의 유통 경로를 추적해 사건이 우발적인 화재가 아님을 확인합니다.
spark	wiki-nine	새로운 길을 찾는 리유니온 잔당의 처지를 살피며 감염자 공동체의 생존에 관여합니다.
spark	goldenglow	가게가 불탄 뒤에도 감염자 동네를 떠나지 않고 새 생활을 꾸릴 방법을 찾습니다.
spark	wiki-haze	추격자를 피해 숨은 채 병이 악화되자 자신을 도우러 온 이들을 믿어 보기로 합니다.
spark	wiki-skyfire	건물에 갇힌 인질들에게 폭탄 위험을 알리고 밖으로 빠져나갈 순서를 정합니다.
spark	quercus	수지가 사건 때문에 꿈을 접지 않도록 실질적인 도움을 줍니다.
spark	wiki-nine	흩어진 리유니온 사람들에게 무력 말고 살아남을 방법을 제안합니다.
spark	grani	거짓 화재 조사 결과에 맞서 폭발물 판매자를 찾아내고 연결된 사람을 추적합니다.
guide-ahead	enforcer	숨진 여인의 총을 회수하러 갔다가 그녀의 딸 세실리아를 만나 보호하기로 합니다.
guide-ahead	fiammetta	만국 정상회담을 앞두고 교단의 움직임을 조사하고 세실리아의 신병을 확보하려 합니다.
guide-ahead	andoain	라테라노가 외부의 고통을 외면한 이유를 묻기 위해 세실리아와 계시의 탑으로 향합니다.
guide-ahead	wiki-lemuen	재활 중 피아메타와 모스티마를 만나 과거 사건이 남긴 관계를 이어 갑니다.
guide-ahead	wiki-yvangelista-xi	안도아인에게 ‘법’의 비밀을 보여주고 혼란 뒤에도 정상회담을 계속 엽니다.
guide-ahead	enforcer	세실리아가 라테라노 밖으로 떠날 수 있게 되자 그녀의 여정을 함께합니다.
guide-ahead	wiki-cecelia	돌아가신 어머니의 총과 자신의 출생을 둘러싼 비밀을 듣고 라테라노의 탑에 오릅니다.
guide-ahead	mostima	피아메타와 함께 옛 동료를 찾아가 라테라노에서 벌어질 충돌의 조짐을 살핍니다.
guide-ahead	wiki-oren-argiolas	교단과 접촉하면서도 라테라노의 관직을 잃을 위험을 감수합니다.
guide-ahead	andoain	교황 앞에서 고향 이베리아가 버림받았다고 느낀 이유를 설명합니다.
guide-ahead	enforcer	세실리아가 탑에서 노래한 뒤 도시의 종이 울리는 모습을 보고 그녀를 지킬 결심을 굳힙니다.
main-10	kaltsit	런디니움 외곽에 함선을 정박시키고 도시 자구군과 접촉할 진입 작전을 지휘합니다.
main-10	siege	글래스고 갱과 함께 고향으로 돌아와 시민을 구하고 왕위 계승 문제에 휘말립니다.
main-10	stainless	런디니움 자구군의 일원으로 로도스와 협력 조건을 논의하고 억류된 하이디 구출에 나섭니다.
main-10	heidi	도시 안 켈시의 연락책으로 활동하다 붙잡혀 로도스와 자구군의 공동 구출 목표가 됩니다.
main-10	horn	억류된 동료에게 약을 가져가고 만드라고라와 맞서며 빅토리아 군인으로서 책임을 다합니다.
main-10	wiki-manfred	도시의 혼란을 파악하고 로도스의 내부 협력자를 찾도록 외드레르에게 지시합니다.
main-10	wiki-mandragora	군사위원회의 명령에 따라 공장 감옥을 지키며 혼 일행을 가로막습니다.
main-10	wiki-dagda	글래스고 갱의 일원으로 블랙스틸의 추락한 항공기를 찾아 포로 구출에 나섭니다.
main-10	rockrock	자구군의 일원으로 로도스의 협력이 실제 런디니움 주민을 구할 수 있는지 따집니다.
main-10	w	군사위원회 내부의 혼란을 이용해 독자적으로 움직이며 맨프레드의 감시를 받습니다.
main-10	wiki-clovisia	노동자 조직을 이끌어 런디니움 주민이 점령군에 맞설 방법을 마련합니다.
stultifera	lumen	그란파로의 등대를 되찾을 단서를 제공하고 시본에 잠식된 마을 사람들을 도우려 합니다.
stultifera	dario	등대에 몰려든 시본을 막으며 후배 아이린과 마을 주민이 빠져나갈 시간을 벌고 목숨을 잃습니다.
stultifera	irene	다리오의 죽음을 지켜본 뒤 심문관으로서 헌터들과 우인호에 올라 심해 교단을 추적합니다.
stultifera	gladiia	잃어버린 황금 거선의 위치를 찾아 어비설 헌터스를 이끌고 선내의 시본과 싸웁니다.
stultifera	specter	정신을 흐리게 하던 실험의 영향과 맞서며 헌터로서의 자신을 되찾습니다.
stultifera	wiki-alfonso	오랫동안 바다에서 살아남은 우인호의 선장으로 승무원과 배의 운명을 둘러싼 선택을 합니다.
stultifera	wiki-amaia	심해 교단의 일원으로 시본의 변화를 받아들이라고 설득하며 이베리아 일행과 충돌합니다.
stultifera	wiki-thiago	등대 도시의 심해 교단원을 찾아내고도 심문회에 맞설 힘으로 이용하려 합니다.
stultifera	wiki-carmen	에기르와 이베리아의 협력 조건을 정하고 우인호 수색에 사절단을 보냅니다.
stultifera	ulpianus	동료 헌터가 우인호에서 발견한 과거의 단서와 바다의 위협을 연결합니다.
stultifera	lumen	고향 그란파로를 떠나도 자신이 구한 사람들의 기억을 지니기로 합니다.
lingering	ebenholz	저주받은 음악가 크라이데와 함께 연주하며 두 사람의 목소리가 같은 실험에서 비롯됐음을 알아갑니다.
lingering	wiki-kreide	히비스커스를 공격하는 군중을 막고 에벤홀츠를 지키려 마왕의 목소리를 자신에게 받아들입니다.
lingering	czerny	두 사람의 연주를 지도하고 음악회를 둘러싼 폭력 속에서 무대를 지키려 합니다.
lingering	hibiscus	애프터글로우의 감염자들을 치료하며 사건의 원인이 개인의 병이 아니라 권력자의 실험임을 조사합니다.
lingering	wiki-gertrude-strollo	에벤홀츠를 초대한 진짜 목적을 드러내고 크라이데의 목소리를 이용해 계획을 밀어붙입니다.
lingering	ebenholz	크라이데의 죽음 뒤 남은 목소리를 안고 로도스로 향하며 자신의 삶을 다시 고릅니다.
lingering	virtuosa	라이타니엔의 음악과 기억을 이용하는 힘이 사건 뒤에도 이어질 것을 암시합니다.
lingering	czerny	두 연주자가 서로 다른 목소리를 하나의 곡으로 맞출 수 있도록 끝까지 지도합니다.
lingering	wiki-kreide	자신 때문에 다른 사람이 다치지 않도록 저주를 떠안고 에벤홀츠와 마지막 연주를 나눕니다.
lingering	hibiscus	소요 속에서 감염자를 겨냥한 군중의 폭력을 막고 크라이데를 치료하려 합니다.
ideal-city	minimalist	제루에르차의 돔 설계에 남은 결함을 추적하며 스승이 숨긴 문제와 마주합니다.
ideal-city	gavial	도시가 무너질 수 있다는 사실을 듣고 축제의 주민들을 지상으로 대피시키자고 제안합니다.
ideal-city	eunectes	거대한 승강기와 기계를 활용해 두린 주민의 지상 이주를 돕습니다.
ideal-city	pozemka	도시의 균열과 주민들의 갈등을 지켜보다 떠나는 이들이 안전하게 정착하도록 힘을 보탭니다.
ideal-city	wiki-croque-diamondface	관광도시의 축제를 이어 가면서도 돔의 위기가 드러나자 주민들의 결정을 모읍니다.
ideal-city	wiki-inam	지하에서 올라온 두린 일행을 맞아 아카후알라에서 살 자리를 마련합니다.
ideal-city	wiki-edge-eartheart	새 관광 시설 계획을 놓고 도시 대표들과 논쟁하며 주민이 무엇을 원하는지 묻습니다.
ideal-city	wiki-catch-lightrace	축제와 경쟁 행사를 추진하며 돔의 문제를 뒤늦게 인정합니다.
ideal-city	minimalist	스승이 설계한 돔을 분해해 왜 도시를 더는 지탱하지 못하는지 설명합니다.
ideal-city	gavial	주민들이 도시를 버릴 수 없다고 할 때 아카후알라에서 새 삶을 시작할 수 있다고 설득합니다.
ideal-city	pozemka	두린 주민이 익숙한 지하 생활을 떠나는 데 느끼는 두려움을 이해하고 동행합니다.
unfinished	lappland	시라쿠사 마피아의 이후 움직임에 끼어들어 용문에 남은 옛 조직과 연결을 드러냅니다.
unfinished	wiki-rat-king	용문에서 감비노와 카포네의 동향을 듣고 그들이 도시의 질서에 미칠 영향을 가늠합니다.
unfinished	leizi	염국에서 이어지는 세월의 단서를 좇으며 앞선 사건에서 끝나지 않은 문제를 살핍니다.
unfinished	silverash	쉐라그의 권력 재편 뒤 주변 사람들이 새 질서에 적응하는 모습을 지켜봅니다.
unfinished	bison	시스타와 용문의 물류 거래가 변한 뒤 새로운 일을 맡아 관계를 이어 갑니다.
unfinished	wiki-zuo-le	염국에서 세월 사건 뒤에도 남은 행정 문제를 처리하며 다음 사건의 단서를 받습니다.
unfinished	lee	용문의 인연을 통해 염국의 수상한 거래를 살피며 옛 사건의 후일담에 등장합니다.
unfinished	wiki-liang-xun	상촉 사건 뒤 술잔과 관련된 기록을 정리해 새로운 의혹을 전합니다.
unfinished	ifrit	시스타에서 만난 인연을 떠올리며 함선 밖에서 달라진 생활을 경험합니다.
unfinished	texas	시라쿠사 조직이 용문에서 다시 움직이는 것을 보고 예전 인연과 거리를 둡니다.
unfinished	wiki-dikaiopolis	카시미어 경기 뒤 감염자 기사들이 얻게 된 기회를 되돌아봅니다.
dorothy	silence	359 연구소 인질 사태를 해결하러 가서 쓰러진 프틸롭시스를 치료하고 실험의 윤리성을 따집니다.
dorothy	astgenne	연구소 안의 숨겨진 공간을 찾아내 도로시가 참가자들에게 무엇을 했는지 확인합니다.
dorothy	ptilopsis	뇌 안의 장치를 통해 집단 의식과 연결되어 실험의 내부 정보를 동료에게 전합니다.
dorothy	dorothy	고통을 없애겠다는 믿음으로 사람들의 정신을 연결하는 실험을 진행하고 그 대가를 외면합니다.
dorothy	saria	연구소의 통제 불능 장치와 맞서고 도로시의 계획을 중단시킵니다.
dorothy	kristen	도로시 사건 뒤에도 자신의 하늘을 향한 실험 준비를 멈추지 않습니다.
dorothy	wiki-sonny-romano	선구자들의 대표로 연구소에 남아 도로시의 방송을 듣고 동료를 지킬 길을 찾습니다.
dorothy	astgenne	숨겨진 방에서 실험 참가자들의 상태를 확인한 뒤 연구 자료를 밖으로 가져옵니다.
dorothy	ptilopsis	실험 집단의 감각을 일시적으로 공유한 뒤 그들이 자신의 뜻으로 남았는지 묻습니다.
dorothy	silence	도로시에게 고통을 없애겠다는 목표가 타인의 선택을 빼앗아서는 안 된다고 말합니다.
dorothy	muelsyse	라인 랩 내부에서 연구의 성과와 크리스틴의 비밀 계획이 연결되는 지점을 살핍니다.
to-be-continued	mlynar	형 부부의 실종 흔적을 찾으러 국경 도시로 가서 지역의 소요가 계획된 음모임을 알아챕니다.
to-be-continued	wiki-toland-cash	체포된 현상금 사냥꾼 동료를 조사하며 오래된 부당한 재판과 현재의 음모를 연결합니다.
to-be-continued	flametail	붉은 솔 기사단과 함께 폭동의 배후를 추적하고 감염자에게 책임을 돌리는 흐름에 맞섭니다.
to-be-continued	ashlock	동료들과 도시를 수색하며 선동을 퍼뜨린 인물의 행적을 좇습니다.
to-be-continued	mlynar	사건 뒤 로도스의 제안을 검토하며 가족을 찾을 다음 길을 선택합니다.
to-be-continued	wiki-czcibor	옛 스승의 부당한 처형을 톨런드에게 털어놓고 기사 사회의 어두운 기억을 밝힙니다.
to-be-continued	mlynar	국경에서 라이타니엔과의 충돌을 부추기는 사람을 찾으며 사라진 가족의 단서를 놓치지 않습니다.
to-be-continued	flametail	붉은 솔 기사단이 지역 정치의 도구가 되지 않도록 시민의 증언을 직접 듣습니다.
to-be-continued	ashlock	폭동이 번진 거리를 지키며 선동자와 실제 주민의 요구를 구분합니다.
to-be-continued	wiki-toland-cash	현상금 사냥꾼의 정보망으로 무에나에게 형 부부의 새 행적을 전합니다.
to-be-continued	nearl	동생과 무에나가 다시 각자의 길을 찾는 동안 로도스와 카시미어를 잇습니다.
long-time	luo-xiaohei	다른 세계에서 떨어져 용문에 도착하고 헤어진 소백과 아근, 비우의 행방을 찾습니다.
long-time	lee	샤오헤이에게 잃어버린 반려동물을 찾는 의뢰를 소개하고 용문에서 지낼 방법을 알려줍니다.
long-time	rockrock	스즈란과 함께 사라진 동물의 흔적을 쫓다가 샤오헤이 일행과 길이 겹칩니다.
long-time	wiki-luo-xiaobai	아근과 함께 낯선 용문을 헤매며 샤오헤이와 다시 만날 단서를 찾습니다.
long-time	luo-xiaohei	고양이 모습으로 길 잃은 동물과 대화해 집을 찾으려는 마음을 듣고 자신의 친구도 포기하지 않습니다.
long-time	wiki-ah-gen	소백과 함께 용문의 낯선 거리에서 헤어진 샤오헤이를 찾습니다.
long-time	wiki-biu	주인을 찾는 여정의 중심이 되어 일행이 여러 동네를 돌아보게 합니다.
long-time	wiki-hung	리의 탐정사무소를 거드는 동안 샤오헤이가 도시에서 지낼 곳을 마련합니다.
long-time	suzuran	낯선 생물을 찾는 일에 로도스 동료와 함께 참여하며 샤오헤이 일행과 인연을 맺습니다.
long-time	wiki-sora	펭귄 로지스틱스의 일상 속에서 다른 세계에서 온 일행의 사연을 듣습니다.
long-time	luo-xiaohei	친구를 만난 뒤에도 테라에서 알게 된 사람을 기억하며 다시 여행할 가능성을 엽니다.
main-11	siege	왕의 검이 보관된 묘소로 들어가 어릴 적의 기억과 빅토리아 왕위의 무게를 마주합니다.
main-11	wiki-allerdale	시즈를 묘소로 안내하다 숨겨 둔 계획을 실행해 왕의 검을 둘러싼 신뢰를 깨뜨립니다.
main-11	wiki-catherine	군수 공장의 노동자들을 모아 사르카즈의 생산 명령에 맞설 수단을 찾습니다.
main-11	stainless	공장에 남은 기술자와 로도스의 작전을 연결해 군수 시설을 멈추려 합니다.
main-11	amiya	살카즈 왕정의 오래된 힘을 마주하며 자신의 힘이 카즈델의 역사와 이어졌음을 알아갑니다.
main-11	logos	살카즈의 주술과 왕정의 기록을 해독해 로도스가 전쟁의 다음 단계를 이해하도록 돕습니다.
main-11	wiki-allerdale	시즈의 어린 시절부터 이어진 인연을 이야기하며 왜 왕의 검을 빼앗으려 했는지 드러냅니다.
main-11	horn	런디니움의 성벽에 선 병사들을 모아 카즈델 점령군에 맞설 반격을 이끕니다.
siracusano	texas	과거를 떠나온 시라쿠사에 돌아와 벨로네 가문의 레온투초를 만나 도시의 변화를 돕습니다.
siracusano	lappland	텍사스를 따라 분쟁에 끼어들면서도 마피아 가문과 늑대 군주의 명령을 자기 방식으로 거부합니다.
siracusano	vigil	아버지 베르나르도의 계획과 결별하고 가문의 권력에 덜 기대는 새 도시를 세우려 합니다.
siracusano	penance	판사로서 조작된 혐의와 폭력을 심리하며 도시가 법을 되찾을 길을 찾습니다.
siracusano	wiki-zaaro	텍사스에게 볼시니로 가라는 지시를 내리고 늑대 군주들의 게임에 그녀를 끌어들입니다.
siracusano	wiki-bernardo-bellone	아들 레온투초에게 숨긴 작전을 진행해 도시의 권력 교체를 자기 뜻대로 움직이려 합니다.
siracusano	crownslayer	시라쿠사의 분쟁 속에서 자신이 좇던 복수와 앞으로의 길을 다시 생각합니다.
siracusano	wiki-signora-sicilia	마피아 가문과 늑대 군주가 뒤엉킨 사태에서 시라쿠사의 새 질서를 승인할지 판단합니다.
siracusano	demetri	베르나르도의 지시로 움직이면서도 레온투초에게 충성하는 자신의 뜻을 숨깁니다.
siracusano	penance	텍사스가 법정에 들어서자 가문들의 압력 속에서도 증언을 들을 자리를 만듭니다.
siracusano	exusiai	텍사스가 떠난 시라쿠사에서 소라와 동료들을 지키며 그녀의 과거를 조금씩 알게 됩니다.
firelight	reed	타라 주민이 빅토리아 병사에게 학대받는 현장을 보고 난민을 보호하려 이동합니다.
firelight	wiki-fionn	리드가 위험한 방향으로 향한 것을 알아채고 동료들에게 그녀를 찾자고 알립니다.
firelight	harmonie	빅토리아 귀족과 거래하는 척하면서 더블린을 위해 정보를 모으고 다음 전쟁을 준비합니다.
firelight	bagpipe	첸과 함께 정체불명의 병력을 조사하며 더블린과 빅토리아 군의 흔적을 추적합니다.
firelight	eblana	되살아난 병력을 움직이며 런디니움으로 향할 전쟁의 목표를 선포합니다.
firelight	reed	언니의 군대를 따르기보다 자신을 믿고 온 난민을 이끌 새로운 길을 고릅니다.
firelight	wiki-selmon	리드가 떠난 뒤 핀에게 그녀가 다른 길을 택했음을 알립니다.
firelight	reed	길에서 만난 타라 주민을 군대의 명분보다 한 사람의 생존자로 대합니다.
firelight	wiki-the-brigadier	더블린의 작전과 웰링턴 공작의 진군을 연결하며 리드와 에블라나의 선택을 지켜봅니다.
firelight	chen	백파이프와 죽은 병사들의 흔적을 따라가 재생된 병력이 등장한 이유를 묻습니다.
firelight	eblana	전장에서 되살린 병력이 타라의 독립을 위한 수단인지 그 대가를 스스로 감당합니다.
where-vernal	chongyue	세월의 힘이 깃든 자신의 검을 지키면서 재앙과 산해중의 공격을 맞은 옥문을 방어합니다.
where-vernal	wiki-jieyun	검을 들고 도시를 빠져나가려다 다쳐 쓰러지고 추격자 사이에서 자신의 목적을 밝힙니다.
where-vernal	wiki-zuo-le	태합이 습격당한 뒤 산해중의 음모를 쫓지만 시민과의 갈등으로 수사가 어려워집니다.
where-vernal	qiubai	중악과 함께 옥문 곳곳의 침입자를 막으며 그의 과거와 검의 의미를 알게 됩니다.
where-vernal	wiki-meng-tieyi	산해중과 옥문에 남은 오래된 원한을 드러내며 도시 안에서 공격을 실행합니다.
where-vernal	chongyue	옛 인연과 대결한 뒤 오래 지킨 도시를 떠나 다음 삶을 찾기로 합니다.
where-vernal	wiki-taihe	산해중의 습격을 받고 쓰러져 좌락이 적의 음모를 서둘러 추적하게 합니다.
where-vernal	lee	옥문에서 세월의 검을 둘러싼 거래를 살피며 옛 친구들의 소식을 잇습니다.
where-vernal	wiki-wei-yenwu	암살 위협을 받은 뒤 염국의 수도와 옥문을 잇는 정치적 파장을 고려합니다.
where-vernal	wiki-ya	세월의 오래된 인연으로 나타나 중악의 검과 옥문이 견딜 시험을 드러냅니다.
where-vernal	wiki-zuo-le	시민이 수사를 가로막자 강경하게 대응해 군과 주민의 갈등을 더 키웁니다.
springtime	qiubai	떠돌이 소년 방소시를 구하고 그의 고향까지 데려가며 거듭 도망치려는 이유를 묻습니다.
springtime	wiki-fang-xiaoshi	마을에 돌아가기를 꺼리면서도 카메라에 자신이 본 곳과 사람을 남깁니다.
springtime	wiki-zhou-shun	마을의 문제를 놓고 주민 회의를 열어 가뭄과 이상 현상에 대응할 방법을 논의합니다.
springtime	qiubai	소년의 기록을 통해 마을 사람들이 숨기던 문제를 보고 그가 원한 변화에 힘을 보탭니다.
springtime	wiki-fang-xiaoshi	추백과 헤어진 뒤 자신의 이야기가 전해지길 바라며 마을의 미래를 다른 사람에게 맡깁니다.
springtime	wind-chimes	추백이 만난 마을의 삶을 살피며 가뭄에 시달린 주민의 사정을 듣습니다.
springtime	wiki-fang-xiaoshi	추백에게 산에 올라 옥문을 보자고 조르며 자기 고향 밖의 세상을 향한 마음을 드러냅니다.
springtime	qiubai	소년이 계속 도망친 이유를 알게 된 뒤 억지로 데려가기보다 그의 말을 듣습니다.
springtime	wiki-zhou-shun	긴급 회의에서 마을이 해결해야 할 일을 공개하고 주민의 협력을 구합니다.
springtime	wiki-fang-xiaoshi	추백에게 언젠가 자신이 한 일을 들을 것이라 말하며 헤어집니다.
springtime	qiubai	떠난 뒤에도 소년이 카메라에 남긴 장면을 통해 마을의 변화를 기억합니다.
flurry	yato	극동 마을에 나타난 리오레우스의 흔적을 조사하며 낯선 세계의 헌터와 손잡습니다.
flurry	noir-corne	괴물의 힘을 확인하고 무리하게 추격하기보다 장비를 고쳐 다시 싸우자고 결정합니다.
flurry	wiki-yoshitaka-kashiwau	일행에게 쉴 곳과 사냥 경험을 제공하며 괴물에 맞설 방법을 전합니다.
flurry	wiki-rathalos	오리지늄에 노출된 채 마을과 산을 위협하고 사냥꾼들의 추격을 받습니다.
flurry	yato	느와르 코르네·헌터들과 리오레우스를 막고 감염된 괴물을 테라에 남길 수 없음을 확인합니다.
flurry	wiki-ataru-takii	극동 마을에서 낯선 괴물의 공격과 가족의 안전 사이에서 결정을 내립니다.
flurry	wiki-rathalos	오리지늄의 영향으로 평소보다 난폭해져 마을 사람과 야생 동물을 위협합니다.
flurry	noir-corne	첫 추격에서 괴물의 힘을 확인하고 후퇴를 제안해 일행이 장비를 다시 갖추게 합니다.
flurry	yato	괴물의 약점을 확인한 뒤 헌터와 협력해 두 번째 사냥의 순서를 짭니다.
flurry	wiki-yoshitaka-kashiwau	마을의 낡은 장비를 수리하고 어린 사냥꾼에게 필요한 경험을 전합니다.
main-12	wiki-golding	자구군 정보망이 발각되자 동료를 팔지 않고 스스로 목숨을 끊습니다.
main-12	siege	노포트가 봉쇄되자 왕위보다 거리의 주민을 지키는 일을 우선하기로 합니다.
main-12	wiki-delphine	남은 방송 시설의 위치를 알려 도시 봉쇄 사실을 밖에 전할 작전을 돕습니다.
main-12	wiki-damazti-cluster	자구군의 내부로 스며들어 정보망을 뒤흔들고 골딩을 압박합니다.
main-12	ines	로도스 일행과 재회해 군사위원회의 움직임을 전하고 위험한 거래를 돕습니다.
main-12	morgan	시즈와 함께 식량과 물이 줄어드는 구역에서 주민을 보호합니다.
main-12	wiki-baird	봉쇄된 노포트에서 자구군과 연락하며 거리에 남은 사람들의 소식을 전합니다.
main-12	wiki-clovisia	방송을 통해 노포트의 참상을 알리려 남은 설비와 사람을 모읍니다.
main-12	wiki-damazti-cluster	골딩이 정보를 넘기지 않자 그녀의 죽음마저 자구군을 흔드는 수단으로 삼습니다.
main-12	wiki-delphine	방송 시설까지 가는 길을 설명하며 도시 밖 공작들이 봉쇄를 보도록 돕습니다.
main-12	wiki-baird	노포트 주민을 대피시키던 중 혼란에 빠진 시민을 진정시키려다 다치고 시즈가 떠나는 길을 지킵니다.
lone-trail	muelsyse	물 분신을 통해 독타에게 공장 폭발 소식을 전하고 크리스틴의 행방을 좇습니다.
lone-trail	kristen	하늘의 장벽을 뚫기 위한 실험을 준비하며 라인 랩의 자원을 비밀리에 모읍니다.
lone-trail	ifrit	로즈몬티스와 실험체로 살았던 기억을 나누며 서로의 상처를 이해합니다.
lone-trail	rosmontis	로켄의 실험에서 잃어버린 기억을 되짚고 자신의 과거와 마주합니다.
lone-trail	saria	크리스틴을 막으려다 군의 저격을 당하고도 사일런스와 함께 발사 시설로 향합니다.
lone-trail	silence	실험에 동원된 사람을 구하면서 크리스틴의 연구를 어떻게 이어 갈지 결심합니다.
lone-trail	kaltsit	옛 문명의 기술이 실험에 쓰였음을 감지하고 그것이 테라 전체에 줄 영향을 따집니다.
lone-trail	wiki-ho-olheyak	옛 문명의 지식을 얻으려 크리스틴의 실험에 접근하고 여러 세력을 교란합니다.
lone-trail	wiki-ferdinand-clooney	군과 라인 랩 사이에서 연구 성과를 자기 권력으로 바꾸려 움직입니다.
lone-trail	dorothy	이전 실험의 결과를 짊어진 채 다른 연구자들이 같은 실수를 반복하지 않게 돕습니다.
lone-trail	muelsyse	크리스틴의 행방을 좇는 동안 자신이 어디에 속할 수 있는지 독타에게 털어놓습니다.
lone-trail	saria	크리스틴과 쌓아 온 신뢰가 무너진 이유를 직접 묻고 발사를 막을 마지막 기회를 찾습니다.
lone-trail	silence	실험의 성과가 사람을 희생시켜서는 안 된다는 원칙을 끝까지 주장합니다.
lone-trail	kristen	하늘의 장벽을 돌파한 뒤 우주에 남아 자신이 보려던 세계를 직접 확인합니다.
hortus	executor	60년 만에 나타난 이동 수도원으로 가서 주민의 신분과 구조 신호의 배경을 조사합니다.
hortus	wiki-stefano-torregrossa	수도원의 주민과 숨어든 아르투리아를 감싸며 오랫동안 유지해 온 공동체의 비밀을 지킵니다.
hortus	virtuosa	주민의 절망을 건드리는 음악을 연주해 페데리코의 수사를 흔듭니다.
hortus	spuria	조사팀의 장비와 이동을 지원하며 고립된 수도원의 위기를 해결합니다.
hortus	wiki-clement-dubois	미래에 대한 두려움을 아르투리아에게 털어놓고 그녀의 아츠에 영향을 받습니다.
hortus	executor	주민들이 보호받을 길을 연 뒤 라이타니엔으로 떠난 아르투리아의 흔적을 좇습니다.
hortus	wiki-gerald	고립된 수도원의 생활을 지키면서도 외부의 구조가 주민을 위험하게 만들까 걱정합니다.
hortus	insider	페데리코·스푸리아와 함께 수도원에 들어가 주민의 증언을 모읍니다.
hortus	wiki-fortuna	수도원에서 자신의 처지와 가족의 삶을 돌아보며 라테라노의 보호를 받아들일지 고민합니다.
so-long-adele	eyjafjalla	부모의 옛 연구자를 만나러 새 시스타로 가서 화산과 함께 남겨진 가족의 기록을 조사합니다.
so-long-adele	wiki-dolly	에이야퍄들라 앞에 나타나 화산과 부모의 기억을 따라가도록 이끕니다.
so-long-adele	swire	시스타에서 휴양 시설 사업을 추진하며 이주한 주민에게 새 일자리를 만들려 합니다.
so-long-adele	bison	산운 물류의 협력 사업을 맡아 이주한 도시의 물자와 행사를 지원합니다.
so-long-adele	ceylon	옛 시스타와 새 도시 사이에서 시민의 건강과 기억을 지킬 방법을 찾습니다.
so-long-adele	eyjafjalla	부모가 자신을 위해 내린 선택을 이해하고 화산 연구를 자신의 길로 이어 가기로 합니다.
so-long-adele	wiki-kahn	에이야퍄들라에게 화산의 위험을 경고하고 부모의 연구를 서둘러 확인하라고 합니다.
so-long-adele	wiki-costa	새 시스타의 행정 일을 맡다가 에이야퍄들라를 만나 그녀의 부모와 이어진 인연을 알려줍니다.
so-long-adele	wiki-herman-doykos	도시 이전의 부담을 지며 주민들이 옛 시스타의 기억을 버리지 않도록 자료를 보관합니다.
so-long-adele	eyjafjalla	돌리와 화산의 소리를 따라가며 부모가 자신에게 남긴 연구 기록을 완성합니다.
so-long-adele	swire	새 워터파크 사업이 옛 도시를 단순한 관광상품으로 만들지 않도록 주민과 협상합니다.
to-the-grinning	magallan	사라진 탐사대의 소식을 듣고 사미 북쪽 숲으로 가서 남은 흔적을 추적합니다.
to-the-grinning	santalla	눈보라에서 마젤란을 만나 사미의 전승과 현지의 위험을 알려줍니다.
to-the-grinning	typhon	외지인의 탐사에 협력하면서도 숲과 부족을 위협하는 존재를 경계합니다.
to-the-grinning	valarqvin	사미의 예언과 전승을 바탕으로 탐사대가 가져온 꽃의 위험을 해석합니다.
to-the-grinning	magallan	뿌리 없는 꽃이 주변 공간을 바꾸고 있음을 알아내고 우르수스 세력의 개입까지 확인합니다.
to-the-grinning	wiki-black-mark	사미 빙원에서 외지인에게 남겨진 흔적을 해독해 탐사대의 이동을 추적합니다.
to-the-grinning	typhon	숲을 오염시키는 꽃의 영향이 부족에게 번지기 전에 길을 차단합니다.
to-the-grinning	santalla	눈보라 속에 길을 잃은 마젤란을 만나 예전 인연을 다시 확인합니다.
to-the-grinning	valarqvin	꽃을 둘러싼 전승과 현재의 이상이 같은 뿌리인지 살펴봅니다.
to-the-grinning	magallan	우르수스 연락책의 말과 실제 국경의 움직임이 다르다는 사실을 알아챕니다.
to-the-grinning	wiki-amma	탐사대가 들어간 북쪽 숲의 위험을 현지의 관점에서 설명합니다.
to-the-grinning	santalla	우르수스 첩자에게서 ‘블랙 마크’가 폭주한 황제의 칼날임을 듣고 사미를 지키겠다고 선언합니다.
come-catastrophes	jessica	데이비스타운에 파견되자 은행의 경호 명령보다 굶고 있는 주민들의 사정을 먼저 살핍니다.
come-catastrophes	wiki-benny	거리의 폭력배에게 공격받다가 제시카의 도움을 받고 도시가 빚에 묶인 실상을 알려줍니다.
come-catastrophes	liskarm	은행을 지키는 동안 계속 돈을 빌리려는 주민들의 행렬을 보고 금융 위기의 규모를 파악합니다.
come-catastrophes	wiki-woodrow-bianchi	노후한 원석 동력 시설을 고치려 제시카 일행에게 도움을 요청합니다.
come-catastrophes	jessica	회사의 지시를 거슬러 붕괴하는 도시에서 주민을 구하고 변경으로 복무지를 옮깁니다.
come-catastrophes	wiki-sylvia	은행의 비서로 재정 위기의 숫자를 다루며 주민에게 돌아갈 피해를 목격합니다.
come-catastrophes	wiki-franka	블랙스틸 팀을 데이비스타운에서 다시 모으고 산발적인 공격을 막습니다.
come-catastrophes	almond	노후한 도시 설비를 점검하고 시민이 피할 경로를 설계합니다.
come-catastrophes	coldshot	변경의 총잡이로 제시카에게 도시 밖에서 살아가는 방법을 보여줍니다.
main-13	wiki-salus	고해신부 무리를 이끌고 아미야를 납치해 살카즈의 피 의식 현장으로 끌고 갑니다.
main-13	doctor	아미야를 쫓아 유적에 들어가 로고스·아스카론과 함께 피의 제단을 조사합니다.
main-13	w	외드레르·이네스와 마주친 환영 속에서 바벨의 기억과 지금의 전쟁을 비교합니다.
main-13	siege	왕의 검을 실제 전선에서 쓰겠다는 조건으로 빅토리아 공작들과 협상을 이어 갑니다.
main-13	talulah	런디니움 바깥에서 감염된 탈영병과 난민을 모아 피난길을 마련합니다.
main-13	logos	살카즈 제단에 담긴 의식의 구조를 읽고 사태가 도시 밖까지 번질 수 있음을 알립니다.
main-13	wiki-delphine	시즈와 함께 가족의 정치적 선택이 시민의 목숨에 미칠 영향을 고민합니다.
main-13	wiki-ermengarde	W 일행을 환영 속에 가두어 바벨의 기억을 다시 체험하게 합니다.
main-13	paprika	피의 제단을 지키던 살카즈로 나타나 독타 일행과 대화하며 자신이 따른 명령을 의심합니다.
main-13	wiki-nowell	리유니온에 합류한 난민 사이에 섞여 자신의 오래된 정체를 숨깁니다.
zwilling	virtuosa	쌍여제 즉위 축제의 혼란 속에서 사람의 마음을 건드리는 음악으로 마왕 잔당의 계획에 가담합니다.
zwilling	executor	이동 수도원 사건 뒤 아르투리아를 추적해 라이타니엔의 수도에 들어옵니다.
zwilling	ebenholz	마왕의 목소리를 짊어진 채 축제에 참석하고 자신의 힘이 부활 의식에 이용되지 않도록 싸웁니다.
zwilling	wiki-twin-empresses	마왕이 남긴 유산을 회수하고 다시 봉인하려 즉위 축제 뒤편에서 움직입니다.
zwilling	viviana	수도에서 벌어지는 소요 속에서 시민과 동료를 지키며 과거의 기사 생활을 돌아봅니다.
zwilling	wiki-witch-king	남겨 둔 기록과 추종자의 의식으로 현재의 라이타니엔에 다시 영향을 미칩니다.
zwilling	wiki-fremont	마왕이 남긴 마술과 봉인의 구조를 설명하며 현재의 의식을 막을 단서를 줍니다.
zwilling	lessing	라이타니엔의 권력자가 만든 비밀과 에벤홀츠의 목소리를 연결합니다.
zwilling	wiki-twin-empresses	마왕의 시대가 반복되지 않도록 축제 기간의 치안을 직접 지휘합니다.
zwilling	virtuosa	자신의 음악이 가져온 결과를 보고도 개인의 마음을 해방한다는 신념을 굽히지 않습니다.
zwilling	executor	아르투리아가 어디에 숨어 있는지 공연과 사건 현장을 따라가며 사촌을 직접 대면합니다.
zwilling	ebenholz	크라이데와의 마지막 연주를 떠올리며 마왕의 유산을 자기 안에서 끊으려 합니다.
zwilling	viviana	도시에서 생긴 갈등을 기사 경기처럼 단순한 승패로 끝낼 수 없음을 깨닫습니다.
zwilling	wiki-witch-king	즉위 축제에 맞춘 추종자의 의식을 통해 오래전에 끝난 자신의 통치를 다시 드리우려 합니다.
sylvan	silverash	첫 빅토리아 사절을 맞아 관광과 개발의 성과를 보여주면서 상대의 군사적 속셈을 경계합니다.
sylvan	harold	빅토리아 사절로 쉐라그에 와서 연회를 열고 외교 협력의 조건을 제시합니다.
sylvan	degenbrecher	은심호 열차의 잠입자를 찾아내고 빅토리아가 쉐라그 내부를 정찰하고 있음을 알립니다.
sylvan	gnosis	비밀 무기 공장과 열차의 보안을 살피며 외세의 압력에 대응할 준비를 합니다.
sylvan	pramanix	성녀로 사절단 앞에 나서고 개방 이후 쉐라그가 지켜야 할 자립의 원칙을 보여줍니다.
sylvan	wiki-bellingham	빅토리아 측 첩보원으로 은심호에 숨어 들어 쉐라그의 실정을 조사합니다.
sylvan	wiki-ratatos-browntail	쉐라그 귀족으로 빅토리아 사절과 협상하며 자립에 필요한 거래를 따집니다.
sylvan	wiki-tatyana-larina	은심호에서 사절단의 행적을 살피며 쉐라그 안의 긴장을 전합니다.
sylvan	degenbrecher	피 묻은 손으로 열차에 나타나 잠입자의 존재를 실버애쉬에게 알립니다.
sylvan	harold	연회에서 성녀와 지도자를 초청해 외교적 호의를 보이며 실제 협상 범위를 시험합니다.
sylvan	gnosis	빅토리아가 비밀 공장을 알아챘을 가능성을 계산하고 기술 유출을 막습니다.
grinning-valley	wiki-warmy	낡은 트럭을 수리할 부품을 찾다가 감염 사실이 드러나 추격을 받습니다.
grinning-valley	ray	워미의 짐수레를 멈춰 사고를 막고, 일행을 도우며 웃는 골짜기로 가는 길에 합류합니다.
grinning-valley	wiki-alanna	워미를 숨기려 관리와 협상하다 실패하고 레이의 도움으로 도시를 벗어납니다.
grinning-valley	wiki-savage	차량 폐차 절차를 밟는 워미를 만나 필요한 서류와 도움을 챙깁니다.
grinning-valley	ray	골짜기에서 찾는 대상의 흔적을 따라가며 잊고 있던 아미야와 테레시아의 기억에 접근합니다.
grinning-valley	wiki-jerry	워미와 함께 차량에 숨어 검문을 피해 가며 추격의 위험을 나눕니다.
grinning-valley	wiki-alanna	골짜기가 재앙이 잦은 곳임을 알고도 레이가 왜 그곳을 찾는지 묻습니다.
grinning-valley	ray	워미를 구한 뒤에도 자신의 기억에 얽힌 존재를 찾기 위해 위험한 골짜기로 향합니다.
grinning-valley	wiki-savage	로도스와 림 빌리턴의 인연을 떠올리며 워미의 새 출발을 돕습니다.
here-a-people	shu	천 년 넘게 대황의 농민과 함께 땅을 돌보고 오염된 밭을 되살릴 방법을 찾습니다.
here-a-people	wiki-zuo-le	황실의 명령으로 대황에 와서 세월의 부활 대비 공사가 농민에게 끼칠 영향을 조사합니다.
here-a-people	nian	석과 함께 십이 누각과 오성의 공사를 준비하며 가족을 둘러싼 위협에 대비합니다.
here-a-people	wiki-grain-buds	수확을 위협하는 원석 오염 속에서 농민들과 함께 남은 곡식을 지킬 길을 찾습니다.
here-a-people	shu	세월 형제자매의 계획과 조정의 결정을 들은 뒤에도 대황 사람들의 삶을 우선합니다.
here-a-people	wiki-wang	세월의 부활을 앞두고 대황의 농사와 형제자매의 선택을 자기 계획에 끌어들이려 합니다.
here-a-people	wiki-old-tianshi	황실의 대비 계획이 농민의 삶을 앗아갈 수 있다는 사실을 전합니다.
here-a-people	wiki-grain-buds	오염된 작물을 버려야 하는 날에도 주민들이 다음 파종을 포기하지 않도록 돕습니다.
here-a-people	wiki-zuo-le	명령을 수행하면서도 대황을 이동도시로 바꾸는 공사가 정말 필요한지 의심합니다.
here-a-people	shu	자신을 신농으로 부르는 농민과 평범한 이웃으로 살아온 시간을 지키려 합니다.
crystal-arrow	ela	실종된 레인보우 소대를 찾으러 도솔레스에 와서 빈민가의 군인과 맞섭니다.
crystal-arrow	iana	빈민가에서 병든 두린 소녀 테크노를 발견하고 치료받을 수 있도록 옮깁니다.
crystal-arrow	doc-r6	테크노의 급성 감염 증상을 살피며 낯선 세계의 의료 문제를 배웁니다.
crystal-arrow	wiki-mateo	군 지휘관으로 빈민가의 예술 공간과 주민을 통제하려 레인보우 소대를 감시합니다.
crystal-arrow	tequila	도난당한 약품이 들어오는 창고를 확인하려 테크노·캐터펄트와 잠입합니다.
crystal-arrow	ela	예술가들이 갤러리를 되찾도록 돕고 흩어졌던 동료와 다시 만납니다.
crystal-arrow	wiki-tecno	치료를 받은 뒤 도솔레스의 빈민가 예술가들과 약품을 되찾는 작전에 합류합니다.
crystal-arrow	catapult	테킬라와 함께 창고에 들어가 군이 빼돌린 약을 찾습니다.
crystal-arrow	wiki-candela-sanchez	레인보우 소대에 정보를 주고 도솔레스의 군부가 도시를 장악하지 못하게 합니다.
babel	theresa	내전 중에도 바벨을 통해 살카즈에게 음식·의료·교육을 제공하며 공존의 기반을 만듭니다.
babel	theresis	테레시아와 갈라서 군사위원회를 이끌고 카즈델을 전쟁으로 통일하려 합니다.
babel	doctor	오리지늄에 관한 옛 계획과 바벨에서 만든 관계 사이에서 갈등하다 함선 방어를 해제합니다.
babel	ascalon	테레시아의 신변을 지키며 바벨 내부의 배신과 침입자를 쫓습니다.
babel	kaltsit	암살자들이 함선에 들이닥치자 Mon3tr를 이끌고 싸우지만 테레시아를 구하지 못합니다.
babel	theresa	아미야가 앞으로 겪을 전쟁을 알면서도 자신을 대신해 사람을 구할 선택을 하길 바랍니다.
babel	w	테레시아의 죽음 뒤 바벨에 남은 진실을 의심하며 떠납니다.
babel	amiya	테레시아 곁에서 바벨이 돌보는 사람들을 만나고 그녀가 남긴 뜻을 이어받습니다.
babel	theresis	테레시아가 죽자 카즈델의 유일한 지도자를 자처하며 암살자에게 남은 일을 지시합니다.
babel	kaltsit	참상을 수습한 뒤 아미야와 독타를 로도스의 다음 여정으로 이끕니다.
main-14	siege	왕의 검을 들고 빅토리아 전선에 나서 살카즈 군과 대공들의 충돌을 가로막습니다.
main-14	w	정찰대가 사라진 북부 협곡을 조사하며 맨프레드의 부대와 맞붙습니다.
main-14	hoederer	로도스가 버틸 시간을 벌기 위해 맨프레드를 암살하는 계획을 제안합니다.
main-14	ascalon	외드레르의 위험한 작전을 받아들이고 침투조를 움직입니다.
main-14	amiya	테레시아와 대면해 그녀가 준비한 선택과 지금 살아 있는 사람들의 뜻을 비교합니다.
main-14	logos	살카즈의 피와 주술이 재앙에 쓰이는 방식을 파악하고 이를 끊을 방법을 찾습니다.
main-14	wiki-manfred	로도스의 침투와 빅토리아의 반격을 막으려 군사위원회의 잔여 전력을 지휘합니다.
main-14	kaltsit	파편이 도시를 덮는 상황에서 전선과 함선 사이의 구조 순서를 정합니다.
main-14	wiki-lifebone	살카즈의 피 의식을 전장에 퍼뜨려 로도스가 탑에 닿기 어렵게 만듭니다.
main-14	w	맨프레드 부대의 약점을 찾아 외드레르의 침투 작전에 필요한 정보를 전합니다.
main-14	theresa	아미야에게 전쟁을 끝내기 위한 자신의 마지막 판단을 설명합니다.
main-14	amiya	테레시아의 뜻을 이어받되 지금 살아 있는 사람의 미래는 스스로 결정해야 한다고 답합니다.
main-14	siege	대공 군대와 더블린 세력이 뒤엉킨 전장에서 빅토리아 시민의 탈출로를 확보합니다.
main-14	hoederer	암살 실패의 위험을 알고도 동료들이 탑으로 갈 하루를 벌려 합니다.
path-of-life	irene	이베리아 사절로 에기르의 해저 도시를 방문해 지상에서 배운 질서가 통하지 않는 문제와 마주합니다.
path-of-life	lumen	에기르의 기록과 주민을 살피며 양쪽 사회가 서로를 이해하도록 돕습니다.
path-of-life	gladiia	헌터들의 변이를 두려워하는 에기르 학자 앞에서 그들이 도시를 위협하지 않는다고 설명합니다.
path-of-life	specter	울피아누스와 함께 해저 도시의 이상을 조사하고 시본의 침투에 맞섭니다.
path-of-life	ulpianus	도시 사태를 수습한 뒤 바다의 더 깊은 적을 찾아 떠납니다.
path-of-life	skadi	고향의 변화와 자신 안의 시본의 흔적을 확인하며 다음 만남에 대비합니다.
path-of-life	wiki-clementia	에기르의 통로 계획을 설명하고 지상의 사절에게 해저 도시의 입장을 전합니다.
path-of-life	wiki-blandus	헌터의 변이를 걱정하는 학자로 그들이 시본으로 변할 가능성을 공개적으로 따집니다.
path-of-life	lumen	에기르 학자와 이베리아 심문관의 언어 차이를 메우며 불필요한 충돌을 줄입니다.
path-of-life	irene	도시가 시민을 지킨다는 명분으로 사실을 숨기는지 조사합니다.
path-of-life	gladiia	헌터가 시본과 싸워 온 기록을 제시해 동료가 실험 대상으로만 취급되지 않게 합니다.
sunset	pepe	사르곤의 고대 유물을 조사하러 박물관에 가서 움직이는 미라의 정체를 추적합니다.
sunset	wiki-zubayr	고대의 수호자로 깨어나 보석과 묶인 자신의 사명을 페페에게 밝힙니다.
sunset	narantuya	페페와 함께 유물의 행방을 좇고 박물관 소동에서 일행을 보호합니다.
sunset	wiki-aspasia	유물 전시와 심사에 관여하며 페페와 원하는 물건을 놓고 흥정을 벌입니다.
sunset	pepe	미라를 멈춘 뒤 마지막 부탁을 들어주고 박물관의 다른 단서를 따라 새 탐사를 시작합니다.
sunset	pepe	움직이는 미라를 두려워하는 관광객을 대피시키고 보석이 그를 깨운 이유를 조사합니다.
sunset	wiki-zubayr	페페에게 자신이 지키던 보물과 마지막 부탁을 전해 원한을 풀 기회를 줍니다.
sunset	narantuya	전시장의 혼란을 틈탄 사람들을 막아 유물이 더 훼손되지 않게 합니다.
sunset	narantuya	페페를 납치해 몸값을 받으려 박물관에 잠입하지만 깨어난 미라 때문에 계획이 어긋납니다.
forge-rekindled	nymph	폭발 뒤 흩어진 망령의 파편을 따라가며 그들이 전하려는 말을 듣습니다.
forge-rekindled	mudrock	망령의 영향으로 위험해진 현장에 도착해 구조대를 지휘합니다.
forge-rekindled	w	용광로 중심부까지 원로 망령을 데려가 안에 남은 망령들과 직접 대화하게 합니다.
forge-rekindled	wiki-fremont	용광로의 위험을 경고하면서도 카즈델에 새 동력이 필요한 현실을 받아들입니다.
forge-rekindled	mostima	님프에게 망령을 아는 사람들의 과거를 전해 조사 방향을 잡도록 돕습니다.
forge-rekindled	nymph	흩어진 조각을 모아 망령들에게 카즈델의 다음 삶을 직접 이야기합니다.
forge-rekindled	nymph	겁을 숨긴 동료를 보고 파편 수색이 모두에게 위험한 일임을 받아들입니다.
forge-rekindled	wiki-ermengarde	님프와 연락이 끊긴 상태에서도 망령의 환영이 남긴 단서를 추적합니다.
forge-rekindled	wiki-crownie-mantel	우르수스에서 돌아온 뒤 카즈델에서 다시 살아갈 자리를 찾습니다.
forge-rekindled	fiammetta	모스티마와 함께 망령의 영향이 바깥으로 퍼지지 않도록 현장을 지킵니다.
forge-rekindled	mudrock	전투보다 구조를 우선해 갇힌 사람을 용광로 밖으로 옮깁니다.
dungeon-meshi	laios	테라의 낯선 생물을 먹을 수 있는지 궁금해하며 동료와 로도스를 찾아 여행합니다.
dungeon-meshi	big-bob	원석충을 안전하게 손질하는 법을 알려주고 라이오스 일행과 식사를 나눕니다.
dungeon-meshi	wiki-senshi	채집한 재료로 요리를 만들며 테라 생물에 맞는 조리법을 익힙니다.
dungeon-meshi	wiki-marcille	낯선 마법과 원석의 위험을 경계하면서 라이오스의 식욕 때문에 생긴 일을 수습합니다.
dungeon-meshi	ceobe	일행과 먹을거리를 찾아다니다 괴물로 변해 동료들의 도움을 받습니다.
dungeon-meshi	amiya	라이오스 일행을 로도스에서 맞아 케오베를 되돌리고 함께 음식을 만듭니다.
dungeon-meshi	wiki-chilchuck	낯선 세계에서도 함정과 계약 조건을 꼼꼼히 확인해 일행이 사고를 피하게 합니다.
dungeon-meshi	wiki-senshi	독성이 있는 재료를 골라내 케오베가 먹어도 되는 음식을 찾습니다.
dungeon-meshi	wiki-marcille	케오베가 괴물로 변하자 주문과 로도스의 치료를 함께 써 보자고 제안합니다.
dungeon-meshi	laios	빅 밥이 알려준 원석충 요리를 따라 하며 테라의 식재료에 관한 호기심을 키웁니다.
dungeon-meshi	kaltsit	낯선 세계에서 온 일행과 케오베를 진찰해 함선에서 안전하게 지낼 조건을 정합니다.
west-sunset	siege	전쟁이 끝난 뒤 대공들의 제안을 듣고 런디니움의 정치적 책임을 맡습니다.
west-sunset	morgan	시즈가 옛 친구와 멀어진 듯 느끼지만 그녀가 여전히 함께한 시간을 기억하도록 돕습니다.
west-sunset	wiki-nezzsalem	전쟁 뒤 남은 싸움에서 빅토리아 세력과 맞서며 카즈델의 패배를 늦추려 합니다.
west-sunset	wiki-clovisia	시민과 노동자의 힘으로 공장을 다시 움직여 도시 복구의 출발점을 만듭니다.
west-sunset	siege	자원 부족에 대응할 정책을 발표하고 글래스고 갱을 다시 만나 친구로서의 약속을 지킵니다.
west-sunset	wiki-charles-lynch	전쟁이 끝난 런디니움에서 시즈가 정치적 역할을 맡는 과정을 지켜봅니다.
west-sunset	wiki-clovisia	재가동된 공장이 시민 스스로 도시를 되찾았다는 증거가 되게 합니다.
west-sunset	wiki-duke-of-caster	시즈에게 권력을 맡자고 제안하면서 귀족들의 이해도 지키려 합니다.
west-sunset	siege	옛 친구의 문제를 공적 절차로 다뤄야 하는 입장이 되면서 개인적 관계의 어려움을 겪습니다.
west-sunset	morgan	시즈가 공직 때문에 친구와 멀어졌다고 느끼자 직접 찾아가 마음을 확인합니다.
west-sunset	siege	런디니움의 복구 정책을 발표하며 대공의 전쟁보다 시민의 생활을 앞에 둡니다.
the-riders	vigil	새 볼시니의 축제를 준비하다 차량 사고와 밀수 사건이 도시를 흔들자 배후를 조사합니다.
the-riders	crownslayer	도로에서 레드와 마주쳐 싸우며 자신을 따라오는 과거의 복수를 다시 봅니다.
the-riders	wiki-projekt-red	늑대 군주 카이사르의 부름에 이끌려 시라쿠사에 나타나 루드밀라를 추격합니다.
the-riders	lappland	늑대 군주들의 게임을 자기 방식으로 끝내고 새 대표로 나섭니다.
the-riders	penance	축제 중 사고와 밀수의 진상을 따져 새 도시가 폭력에 휘둘리지 않게 합니다.
the-riders	wiki-eirene-lavazza	트럭 운전사가 밀수에 관여했다고 털어놓자 운송 조합 안의 연결을 조사합니다.
the-riders	wiki-umberto-de-montano	손자가 사고 현장에서 금지된 무기를 발견하자 가문의 거래가 드러날 위기에 놓입니다.
the-riders	wiki-lunacub	레드를 추적하는 와중 화살이 트럭의 타이어를 뚫어 사고를 키웁니다.
the-riders	vigil	축제가 시민의 것이 되도록 옛 가문과 운송 조합의 요구를 조율합니다.
the-riders	lappland	새 볼시니를 또 다른 늑대 군주의 사냥터로 만들려는 움직임을 막습니다.
the-riders	wiki-caesar	레드의 꿈에 나타나 늑대 군주들의 게임으로 돌아오라고 부릅니다.
pale-sea	thorns	고향 이베리아로 돌아와 부러진 검을 고치고 잊고 있던 스승의 행적을 추적합니다.
pale-sea	wiki-anastasio	금지된 나침반을 찾으려 쏜즈와 맞서고 해적단의 움직임을 좇습니다.
pale-sea	wiki-juana	오래 이끌던 해적단에서 다음 선장을 인정하고 다시 바다로 나갑니다.
pale-sea	weedy	쏜즈 일행과 함께 이베리아의 장치와 바다의 흔적을 조사합니다.
pale-sea	thorns	나침반과 스승의 비밀을 확인한 뒤 해적단의 미래와 심문회의 추적 사이에서 길을 고릅니다.
pale-sea	wiki-anastasio	금지된 나침반을 훔친 소녀를 쫓아 쏜즈와 결투하고 검을 부러뜨립니다.
pale-sea	wiki-silver	마을에 오랫동안 머물며 심문회의 눈으로 해적단의 움직임을 관찰합니다.
pale-sea	wiki-juana	새 선장에게 배를 맡기기 전 바다로 나가는 일이 감당할 위험을 설명합니다.
pale-sea	thorns	해적 진영에 붙잡힌 동안 옛 연금술과 검술을 함께 써 빠져나갈 방법을 찾습니다.
xiangjianhuan	yu	요리 축제에 참여하며 자신의 솜씨와 출신을 숨기려 하지만 세월 조각임이 드러납니다.
xiangjianhuan	wiki-wang	흩어진 가족의 물건을 모아 세월 본체와의 결전을 준비합니다.
xiangjianhuan	wiki-blaze	염국 수도에서 위의 요리를 맛보고 내기를 걸어 그의 실력을 확인합니다.
xiangjianhuan	leizi	오래된 기록이 불탄 사건을 조사하며 세월에 관한 단서가 사라진 이유를 좇습니다.
xiangjianhuan	nian	슈·석·링과 다시 만나 막내 위와 왕의 계획을 놓고 서로의 뜻을 확인합니다.
xiangjianhuan	wiki-gu-quan	기록 보관소의 화재 전 세월에 관한 단서를 찾아냈지만 조사가 이어지지 못합니다.
xiangjianhuan	wiki-mo-bufu	요리 축제에서 일할 사람을 구하며 위가 식당에 들어올 계기를 만듭니다.
xiangjianhuan	yu	블레이즈와 감귤 과자 내기를 하고 염국 요리를 가르치기로 합니다.
xiangjianhuan	leizi	왕이 모으는 물건이 어디에 흩어졌는지 조사해 형제자매의 다음 움직임을 예측합니다.
xiangjianhuan	shu	요리사로 지내던 막내 위와 다시 만나 그가 사람들 곁에 남은 이유를 묻습니다.
xiangjianhuan	wiki-wang	형제들의 물건을 한데 모아 세월 본체가 깨어날 때의 판을 짭니다.
see-you-tomorrow	reed	타라의 지도자로서 웰링턴 공작에게 직접 명령을 내리고 전쟁 이후의 협상에 나섭니다.
see-you-tomorrow	eblana	리드와 당장 만나지 않기로 하면서도 더블린이 향할 방향을 결정합니다.
see-you-tomorrow	amiya	살카즈 귀환 행렬과 빅토리아 함대가 충돌하기 직전 양쪽을 갈라 유혈 사태를 막습니다.
see-you-tomorrow	theresis	전쟁 뒤 오리지늄의 더 깊은 진실을 찾아 런디니움을 떠납니다.
see-you-tomorrow	wiki-nine	리유니온 생존자들과 함께 감염자가 전후에도 살 수 있는 길을 찾습니다.
see-you-tomorrow	siege	빅토리아의 승리 이후 살카즈와 다시 싸우지 않도록 정치적 결정을 내립니다.
see-you-tomorrow	wiki-the-brigadier	가스트렐호에서 리드를 추적하며 그녀의 목숨을 위협하는 세력을 제거하라고 명령합니다.
see-you-tomorrow	wiki-duke-of-wellington	리드의 지시를 타라 지도자의 공식 명령으로 받아들여 함대를 움직입니다.
see-you-tomorrow	eblana	리드와의 회동을 거절한 채 그녀가 정치적 지도자로 무엇을 할지 지켜봅니다.
see-you-tomorrow	wiki-clovisia	전쟁으로 무너진 런디니움의 주민이 다음 갈등에 끌려가지 않게 조정합니다.
see-you-tomorrow	talulah	리유니온이 빅토리아 전쟁 뒤 감염자를 위해 할 일을 다시 정합니다.
see-you-tomorrow	chen	리드와 아미야가 충돌을 막는 현장에서 용문 바깥의 선택을 이어 갑니다.
see-you-tomorrow	amiya	행렬의 앞에 서서 살카즈와 빅토리아 병사가 서로를 쏘지 않도록 말합니다.
see-you-tomorrow	theresis	오리지늄의 정체를 찾기 위해 전쟁의 승패에서 눈을 돌립니다.
elegy	reed	타라의 수도로 가서 에블라나가 만든 질서와 그곳 주민이 치르는 대가를 직접 봅니다.
elegy	brigid	리드와 곡물 가게 주인의 병을 조사하며 도시의 식량 문제가 숨겨졌음을 밝힙니다.
elegy	wiki-culann	주민의 금속 도구를 모아 무기를 만들다가 주변 사람에게 벌어진 일을 알고 더블린을 의심합니다.
elegy	eblana	승리를 축하하는 연회에 나타나 관리들이 전리품을 취하도록 허락하며 권력의 방향을 드러냅니다.
elegy	reed	에블라나의 생존과 더블린의 몰락을 확인하고 자신이 지킬 사람과 방법을 다시 결정합니다.
elegy	wiki-nemos	타라에서 벌어진 일을 기록하는 사람과 대화하며 더블린이 남긴 결과를 전합니다.
elegy	brigid	도시의 식량과 병을 조사하다 더블린 관리들이 문제를 숨겼음을 밝혀냅니다.
elegy	wiki-culann	친구들이 벌인 일을 알게 된 뒤 자신이 만든 무기가 누구를 위해 쓰였는지 묻습니다.
elegy	eblana	죽은 것으로 알려진 뒤에도 사건의 뒤편에서 나타나 자신이 남긴 나라를 지켜봅니다.
elegy	reed	언니와 같은 목표를 말하면서도 타라 주민을 다루는 방식은 달라야 한다고 결정합니다.
elegy	wiki-the-brigadier	리드를 수도로 데려가 에블라나에게 보고하고 자매의 만남을 준비합니다.
main-15	amiya	힐다가 결정화되는 소리를 듣고 동료들과 함께 사태의 근원으로 향합니다.
main-15	theresis	오리지늄에 스며든 존재의 환영과 맞서 살카즈의 역사를 지우려는 계획을 거부합니다.
main-15	doctor	함선의 이상과 프리스티스의 계획을 연결하며 자신이 과거에 남긴 선택을 되짚습니다.
main-15	ascalon	테레시스가 남긴 물건을 카즈델로 가져가기로 하고 남은 동료를 이끕니다.
main-15	kaltsit	오리지늄의 변화가 로도스와 테라에 줄 영향을 밝히려다 독타와 아미야에게 자신의 뜻을 맡깁니다.
main-15	wiki-priestess	독타가 오래전 받아들인 오리지늄 계획을 다시 가동해 로도스 함선을 흔듭니다.
main-15	wiki-prts	함선의 기록과 시스템을 통해 일행에게 옛 계획이 현재 어디까지 진행됐는지 보여줍니다.
main-15	warfarin	원인을 알 수 없는 증상이 퍼지는 함선에서 동료를 치료하며 의료팀을 지휘합니다.
main-15	rosmontis	로도스의 붕괴 속에서 동료와 함께 함선의 생존자를 구합니다.
main-15	wiki-hierda	결정화 뒤에도 낯선 공간에서 깨어나 자신에게 일어난 일을 이해하려 합니다.
main-15	theresis	옛 존재가 살카즈의 삶을 실수로 여기는 태도에 맞서 그 역사를 지키겠다고 선언합니다.
main-15	ascalon	켈시를 잃은 일행이 흩어지지 않도록 함선의 남은 인력을 모읍니다.
main-15	amiya	독타와 함께 켈시가 남긴 단서를 따라 다음 목적지를 정합니다.
mass-travels	exusiai	이동 고해소에서 자신의 상태를 확인한 뒤 총포 공방을 방문해 도시의 새 규칙을 직접 체감합니다.
mass-travels	executor	두 번째 만국 정상회담 중 율법이 사람들에게 새 후광을 부여하는 현상을 추적합니다.
mass-travels	andoain	율법이 정해 온 공감의 경계와 자신의 이상을 대조하고 체계의 붕괴를 감수합니다.
mass-travels	mostima	도시의 변화가 자신과 옛 동료에게 남길 결과를 살피며 사태 해결에 협력합니다.
mass-travels	wiki-yvangelista-xi	각국 사절이 모인 가운데 도시의 혼란을 수습하고 라테라노의 새 질서를 논의합니다.
mass-travels	executor	프리스티스가 개입한 율법을 안도아인과 함께 파괴해 테라 전체로 번질 변화를 막습니다.
mass-travels	wiki-lemuen	엑시아의 귀환을 맞아 변해 버린 라테라노의 분위기를 전합니다.
mass-travels	fiammetta	정상회담의 경계를 지키며 율법의 변화가 사람들을 다치게 하지 않는지 감시합니다.
mass-travels	enforcer	세실리아와의 인연을 떠올리며 새로운 공감의 방식이 혼혈 아이에게 어떤 의미인지 묻습니다.
mass-travels	wiki-patia	교단의 옛 요구와 달라진 율법 사이에서 도시가 무엇을 선택해야 할지 논의합니다.
mass-travels	wiki-yvangelista-xi	율법이 바뀐 뒤 산크타 사회의 규칙을 다시 정해야 하는 책임을 맡습니다.
mass-travels	wiki-velliv	정상회담에서 사절들과 협상하며 도시의 이상을 밖에 전합니다.
mass-travels	andoain	체계가 무너진 뒤 자신이 꿈꾼 연대가 실제 사람을 위한 것인지 돌아봅니다.
mass-travels	andoain	새 율법의 영향으로 죽은 존재를 애도하는 감정까지 달라진 것을 깨닫고 자신의 기억을 되찾습니다.
red-velvet	phantom	크림슨 극단의 흔적을 따라 컬럼비아의 영화 도시 랭크우드로 갑니다.
red-velvet	wiki-moira	촬영 도중 소품처럼 보이던 피가 진짜였음을 발견하고 살인 사건 조사에 휘말립니다.
red-velvet	shalem	팬텀과 함께 극단의 과거를 추적하며 영화 촬영장에서 벌어진 비극을 막으려 합니다.
red-velvet	wiki-playwright	무대와 현실이 뒤섞이는 사건을 통해 팬텀을 다시 극단의 이야기로 끌어들입니다.
red-velvet	phantom	스승의 권능을 넘겨받아 새로운 트라고디아가 되고, 옛 동료들과 다른 극단을 만들기로 합니다.
red-velvet	wiki-tragodia-npc	과거 크림슨 극단을 통해 팬텀이 어떤 배우가 되어야 하는지 정해 왔습니다.
red-velvet	wiki-greta-stone	영화 촬영의 사고 뒤 실제 살인자가 있는지 조사하면서 배우들을 보호합니다.
red-velvet	miss-christine	팬텀이 위험한 무대에 들어갈 때 곁에 남아 현실로 돌아올 길을 지킵니다.
red-velvet	phantom	각본 경매와 촬영 현장에 남은 극단의 흔적을 연결해 스승이 준비한 무대를 찾아냅니다.
mirror	leizi	망산 마을에서 찾던 인물의 행방을 좇다 주민 가운데 사물이 사람이 된 존재가 있음을 알게 됩니다.
mirror	wiki-mr-pu	사람이 되려는 존재들을 모아 가르치고 마을의 오래된 비밀을 레이즈 일행에게 밝힙니다.
mirror	yu	염국에서 벌어진 이상 현상이 세월의 힘과 관련됐는지 살피며 형제들의 흔적을 찾습니다.
mirror	wiki-mo-yi	결전을 막을 단서를 찾아 금지된 정원으로 향합니다.
mirror	chongyue	망산의 사건이 옥문과 가족에게 남길 영향을 판단하며 오래된 힘의 흔적을 살핍니다.
mirror	wiki-mr-pu	낡은 물건에 깃든 존재들이 사람처럼 살 수 있도록 학교를 운영합니다.
mirror	leizi	망산 마을 주민의 정체를 알게 된 뒤 법과 보호 사이에서 수사 방향을 다시 정합니다.
mirror	wiki-mo-yi	금지된 정원에서 세월이 남긴 오래된 힘과 다음 싸움의 단서를 찾습니다.
mirror	wiki-huai-tianpei	마을의 이상을 조사하며 염국 곳곳에서 이어진 가족의 행적을 연결합니다.
mirror	yu	인간이 되려는 존재들과 함께 지내며 자신도 세월 조각으로서 어떤 삶을 택할지 생각합니다.
mirror	wiki-zuo-le	옥문 사건으로 이어질 단서를 받아 조정에 보고합니다.
ruins	hoshiguma	20년 만에 극동의 고향 미츠쿠에로 돌아와 옛 거리가 달라진 모습과 과거의 지인을 마주합니다.
ruins	wiki-koretou	돌아온 호시구마를 조사하며 그녀가 도시의 재개발 분쟁과 연결됐는지 확인합니다.
ruins	wiki-kouhei-mifune	옛 거리를 철거하려는 계획을 밀어붙이고 호시구마의 귀환을 경계합니다.
ruins	wiki-tetsuya-sorimachi	양아버지 텟사이와 멀어지고 미후네 쪽으로 옮겨가 재개발의 갈등을 키웁니다.
ruins	haruka	무대 공연과 실종 사건 사이에서 도시의 괴담이 실제 사람의 삶을 어떻게 바꾸는지 보여줍니다.
ruins	hoshiguma	오래된 인연을 따라 철거의 배후에 있는 정치적 이익을 밝힙니다.
ruins	wiki-tessai	오래된 거리의 주민을 도우며 양아들 테츠야가 떠난 뒤에도 그곳을 지키려 합니다.
ruins	wiki-kouhei-mifune	공공사업을 내세워 골목을 비우려 하지만 실제로는 사적 이익을 좇습니다.
ruins	wiki-koretou	실종된 아이돌 사건과 철거를 둘러싼 소문이 연결되는지 조사합니다.
ruins	wiki-tetsuya-sorimachi	미후네 쪽으로 옮긴 뒤 텟사이와 대립하며 누구를 믿을지 시험받습니다.
ruins	hoshiguma	과거 미츠쿠에를 떠날 때 지키지 못한 사람들을 떠올리고 다시 같은 선택을 하지 않으려 합니다.
ruins	haruka	성공한 공연 뒤 벌어진 실종 사건 때문에 자신과 동료가 도시의 정치에 휘말렸음을 알게 됩니다.
ruins	wiki-sarasa-nishigori	극동의 연예계와 골목의 오래된 사람을 연결해 소문 뒤에 감춰진 사실을 전합니다.
ruins	hoshiguma	옛 동료와 충돌한 끝에 철거를 추진한 사람이 누구이며 무엇을 얻으려 했는지 밝힙니다.
dreamtalk	sakiko	꿈의 성에서 흩어진 밴드 멤버를 찾아 모르페우스가 만든 환영에서 깨웁니다.
dreamtalk	prts-morphis	멤버들을 각자가 바라던 꿈에 가두어 현실로 돌아가지 못하게 합니다.
dreamtalk	iris	꿈과 현실의 경계를 아는 사람으로 사키코 일행이 빠져나갈 길을 돕습니다.
dreamtalk	uika	꿈속에서 밴드와 무대에 대한 바람을 마주하고 동료의 부름에 응합니다.
dreamtalk	mutsumi	꿈이 비춘 가족과 자신의 모습을 지나 멤버들과 다시 만납니다.
dreamtalk	sakiko	모두를 현실로 데려온 뒤 아베 무지카와 함께 무대에 섭니다.
main-16	raidian	우르수스 극북 광산 지역을 조사하다 연락이 끊겨 로도스가 구조 작전에 나서는 계기를 만듭니다.
main-16	doctor	라이디언의 마지막 위치를 따라 광산에 들어가 제국군이 감춘 일을 조사합니다.
main-16	wiki-eloysius-gorchekova	신분을 이용해 로도스가 대공비를 만나도록 돕고 광산으로 향할 길을 엽니다.
main-16	wiki-elisabeth	로도스와의 회담에서 광산 폐쇄와 황제의 칼날이 움직인 이유를 설명하려 합니다.
main-16	amiya	광산 학살 생존자들의 목소리를 듣고 제국의 탄압이 새 감염자 운동으로 번지는 것을 봅니다.
main-16	crownslayer	우르수스에서 다시 떠오르는 리유니온과 함께 생존자에게 피난길을 마련합니다.
main-16	wiki-elisabeth	광산 구역을 봉쇄하면서 로도스에게 사건을 공개할 범위를 정합니다.
main-16	wiki-nikto	생존자를 통해 광산에서 벌어진 학살의 소식을 리유니온에 전합니다.
main-16	wiki-rankin	극북의 이상 현상을 관측하고 라이디언 실종의 단서를 남깁니다.
main-16	amiya	광부와 감염자들의 시위가 군대와 충돌할 때 다친 사람을 먼저 구조합니다.
main-16	doctor	켈시를 되살릴 방법을 찾는 임무와 우르수스 주민을 돕는 일 사이에서 현장의 우선순위를 정합니다.
snow-1101	pramanix	쉐라그에 처음 닥친 재앙 앞에서 예언과 신앙만으로 주민을 지킬 수 없다는 현실을 받아들입니다.
snow-1101	silverash	눈사태 뒤 빅토리아의 구호 제안에 숨은 군사적 압력을 경계하며 국경을 지킵니다.
snow-1101	gnosis	라인 랩 관측소의 기록과 산에서 발견된 물체를 조사해 재앙의 단서를 찾습니다.
snow-1101	kjera	성녀 곁에서 모습을 감춘 채 쉐라그의 신앙과 새 재앙의 관계를 드러냅니다.
snow-1101	muelsyse	관측소와 관련된 의혹을 살피며 라인 랩이 무엇을 알고 있었는지 조사합니다.
snow-1101	wiki-great-elder	예언에 없던 재앙이 닥치자 사제들의 해석이 엇갈리는 모습을 지켜봅니다.
snow-1101	wiki-ratatos-browntail	분노한 주민이 관측소 앞에 모이자 정치적 불만이 폭력으로 번지지 않게 막습니다.
snow-1101	harold	빅토리아의 구호 사절로 다시 쉐라그에 와서 지원 조건을 전달합니다.
snow-1101	degenbrecher	혼란 속에서 관측소 연구자와 주민을 지키며 산길을 확보합니다.
snow-1101	gnosis	산에서 발견된 정체 모를 물체의 신호가 쉐라그 문자와 닮았음을 확인합니다.
snow-1101	pramanix	쉐라가 사라진 뒤에도 주민 앞에 서서 재앙을 견딜 방법을 스스로 찾자고 말합니다.
snow-1101	silverash	대피와 재건의 자원을 배분하면서 외국의 영향력이 쉐라그를 장악하지 못하게 합니다.
snow-1101	muelsyse	관측소가 남긴 데이터로 재앙이 자연적인 현상인지 분석합니다.
snow-1101	kjera	돌아올 수 없는 자리에 남은 사람을 보며 자신이 언제 모습을 드러낼지 고민합니다.
unpromised	nasti	컬럼비아 공중 이동 도시의 박람회에 참여해 라인 랩 연구를 발표할 준비를 합니다.
unpromised	wiki-mercia-selene	내스티를 찾아와 후원자가 제안한 비밀 회동을 전하고 실험의 이해관계를 드러냅니다.
unpromised	saria	공중 도시의 위험을 살피며 연구진이 실험의 결과를 감당할 수 있는지 묻습니다.
unpromised	muelsyse	실험이 추락한 뒤에도 남은 떠 있는 나무를 조사해 다음 연구의 단서로 삼습니다.
unpromised	magallan	쉐라그와 볼리바르 등지에서 나타난 새 현상을 조사하며 실험의 파급을 추적합니다.
unpromised	wiki-vla	박람회에서 라인 랩의 기술을 설명하며 공중 도시 실험의 반응을 살핍니다.
unpromised	wiki-gustave	밀수 의혹을 조사해 달라는 보고를 받고도 라인 랩 측 조사자를 구금합니다.
unpromised	wiki-aspen	박람회에서 가게의 허가가 취소될 위기에 놓이자 규정에 맞지 않는 장비를 들여옵니다.
unpromised	nasti	후원자의 비밀 제안을 듣고 라인 랩이 보여 줄 기술의 범위를 다시 정합니다.
unpromised	saria	박람회의 화려함 뒤에 시민이 짊어질 추락 위험을 지적합니다.
unpromised	wiki-andenate-maryam	새 현상을 조사하기 위한 라인 랩 탐사 계획을 세웁니다.
unpromised	magallan	앞선 사미 탐사의 경험을 바탕으로 쉐라그와 볼리바르의 이상을 비교합니다.
unpromised	muelsyse	떠 있는 나무가 실험 뒤에도 남았다는 사실을 확인하고 그 생명력을 연구합니다.
unpromised	nasti	공중 도시가 추락한 뒤 실패의 원인을 감추지 않고 다음 연구에 반영합니다.
arsenus	titi	사르곤의 외교 사절로 미노스에 와서 돌려줄 유물과 전시의 의미를 조사합니다.
arsenus	pallas	티티가 신전의 장인과 과일 농민의 다툼을 해결한 것을 보고 그녀와 역사와 문화에 관해 대화합니다.
arsenus	wiki-mio	신전에서 장인과 농민의 갈등을 들은 티티와 함께 양쪽이 받아들일 해결책을 찾습니다.
arsenus	perfumer-distilled	미노스에 로도스 지부를 세우고 감염자인 크산토스의 병을 치료할 약을 제자 리케이온에게 건넵니다.
arsenus	titi	숨겨져 온 역사를 전시로 공개해 양국이 과거를 외면하지 않은 채 다시 대화하도록 합니다.
arsenus	wiki-kassandra	크산토스를 위로하고 티티에게 목장 울타리에 묻혀 있던 진짜 케레세이라의 하프를 보여줍니다.
arsenus	wiki-lykeion	스승 크산토스의 병을 숨긴 채 퍼퓨머에게 약을 구하고, 하프를 빼내려 호텔 주방으로 배를 몰아 소란을 만듭니다.
arsenus	wiki-lydia	사르곤 사절의 압력으로 크산토스와 리케이온을 투옥하지만 사건 뒤 구금 명령을 거둡니다.
arsenus	wiki-hekademos	약을 들고 감옥에 들어가 크산토스와 리케이온이 탈출하도록 돕습니다.
arsenus	wiki-behnui-enshi-pah	반환할 하프가 복제품임을 알고도 외교 행사만 밀어붙이며 미노스에 강경 처벌을 요구합니다.
arsenus	titi	반환할 하프가 복제품임을 알아내고 이를 숨긴 채 넘기지 않으려 훔쳐 달아날 생각까지 합니다.
arsenus	pallas	공연에서 케레세이라를 연기하다 진짜 하프가 울리자 티티·크산토스와 서로의 과거를 봅니다.
arsenus	wiki-mio	목장의 짐승들을 놀라게 해 진짜 하프가 신전 광장으로 돌아갈 계기를 만듭니다.
farewell-year	chen	염국 수도에 들어가 삼촌 웨이와 오래된 가족 문제를 직접 풀겠다고 결심합니다.
farewell-year	wiki-zuo-le	대피가 진행 중인 수도에서 계엄과 수상한 호위 세력을 조사합니다.
farewell-year	wiki-mo-yi	노천사의 부탁으로 좌락을 따라다니다 그에게 필요한 단서를 전합니다.
farewell-year	wiki-wang	천 년간 모은 가족의 물건과 조각을 이용해 세월 본체와 결전을 벌입니다.
farewell-year	nian	형제자매와 함께 왕의 계획이 남긴 결과를 받아들이고 각자의 길을 결정합니다.
farewell-year	chen	세월의 사건을 지나 자신의 출신과 염국에서의 책임을 새롭게 정리합니다.
farewell-year	wiki-wei-yenwu	첸과의 가족 문제를 피하지 않고 염국의 위기 속에서 그녀와 마주합니다.
farewell-year	ling	형제자매가 모이는 자리에서 왕의 오랜 계획이 남길 결과를 따집니다.
farewell-year	dusk	그림 속에서 보아 온 미래와 실제 세월의 부활이 달라질 수 있음을 확인합니다.
farewell-year	chongyue	옛 전투의 책임을 짊어진 채 가족이 다시 하나가 되는 길을 찾습니다.
farewell-year	yu	사람들 곁에서 요리사로 지낸 시간을 토대로 형제들의 선택에 의견을 냅니다.
farewell-year	wiki-zuo-le	도시 대피와 계엄이 진행되는 동안 시민이 다치지 않도록 감찰관으로 움직입니다.
farewell-year	nian	왕과 세월 본체의 충돌을 막으려 가족의 힘을 모읍니다.
farewell-year	wiki-wang	봉인된 존재가 첫 오리지늄과 결합한 채 잠든 뒤에도 자신의 선택이 남긴 결과를 감당합니다.
crossroads	vigil	포도주 대회에서 독살 사건이 터지자 외국 자본과 옛 마피아의 개입을 조사합니다.
crossroads	demetri	현장에서 용의자로 붙잡혀 경찰로 끌려가며 새 볼시니의 법이 시험받게 합니다.
crossroads	wiki-gambino	카포네와 행사 경비를 맡았다가 독살 뒤 데메트리를 연행합니다.
crossroads	wiki-tosia	대회 뒤 도시를 거닐다 작은 와이너리의 사정을 듣고 외국 자본의 압박을 알게 됩니다.
crossroads	vigil	지역 가문이 다시 폭력으로 돌아가지 않게 공존의 조건을 협상하고 법안을 손봅니다.
main-17	prts-yakov-petrov	젤그라드에서 로도스 일행을 맞고 제국군과 석관 연구소 사이의 위험을 알려줍니다.
main-17	prts-silka	아나톨리의 도시 포격을 막기 위해 자신의 출생에 관한 비밀을 공개합니다.
foam-thunder	orchid	캐터펄트와 함께 낯선 포영국에서 깨어나 흩어진 예비 A6팀을 찾습니다.
foam-thunder	catapult	동료들의 모습이 달라진 사실을 확인하고 나라의 저주를 풀 무기를 듭니다.
foam-thunder	prts-dream-midnight	포영국에서 원래의 미드나이트와 다른 모습으로 나타나 일행에게 혼란을 줍니다.
foam-thunder	prts-bokuka	뇌의 주인을 둘러싼 수수께끼에서 오키드 일행이 추적할 단서를 제공합니다.
jungle-knot	beagle	테코마의 피난민을 보호하려다 검은 흐름에 휩쓸려 동료들과 떨어집니다.
jungle-knot	kroos	비글이 남긴 흔적을 좇으며 의식을 되찾을 방법을 찾습니다.
jungle-knot	aphrissa	볼리바르에서 이어진 식민 지배의 기억과 지금의 내전을 연결해 증언합니다.
jungle-knot	prts-gillian-aranda	여러 시대에 걸친 사건 속에서 검은 흐름이 사람들을 바꾼 경위를 추적합니다.
lime	angelina	분실된 전령용 복호화 장치를 찾으러 림 빌리턴에 가서 예상 밖의 긴 여행을 시작합니다.
lime	timeslot	안젤리나의 길을 안내하며 낯선 생물과 사람 사이에서 단서를 찾습니다.
lime	prts-mia-campbell	여행길에서 가족과 돌아갈 곳을 고민하며 안젤리나 일행과 마음을 나눕니다.
lime	future-jacinta	집으로 돌아가는 길에 만난 사람들과 함께 자신의 앞으로의 선택을 생각합니다.
moon-water	makoto-yuki	동료들과 라테라노에 나타나 장례 문제를 둘러싼 사람들의 슬픔을 듣습니다.
moon-water	amiya	특별과외활동부가 낯선 테라에서 지낼 수 있게 도우며 바뀐 율법의 여파를 설명합니다.
moon-water	prts-giulio	산크타의 장례 방식을 둘러싼 갈등에서 가족과 공동체의 뜻을 조율하려 합니다.
moon-water	prts-ken-amada	상실을 겪은 사람에게 자신의 경험을 비추어 살아갈 이유를 함께 찾습니다.
